timestamp,open,high,low,close,adjusted_close,volume,dividend_amount,split_coefficient
2023-06-21,11.14,11.15,10.81,10.93,10.93,7178300,0.0000,1.0
2023-06-20,11.16,11.25,10.98,11.17,11.17,7714700,0.0000,1.0
2023-06-19,10.81,11.1,10.68,11.08,11.08,8398700,0.0000,1.0
2023-06-16,11.54,11.55,10.79,10.79,10.79,19445600,0.0000,1.0
2023-06-15,11.72,11.77,11.52,11.62,11.5351,6893800,0.0000,1.0
2023-06-14,11.52,11.85,11.41,11.72,11.6343,7849200,0.0000,1.0
2023-06-13,11.67,11.99,11.46,11.49,11.406,8296000,0.0000,1.0
2023-06-12,11.35,11.73,11.29,11.61,11.5251,5184200,0.0000,1.0
2023-06-09,11.37,11.78,11.24,11.28,11.28,11445300,0.0000,1.0
2023-06-07,11.11,11.75,11.11,11.36,11.36,30997500,0.0000,1.0
2023-06-06,9.99,11.12,9.89,10.98,10.98,13517200,0.0000,1.0
2023-06-05,10.06,10.06,9.77,9.9,9.9,5290400,0.0000,1.0
2023-06-02,9.82,10.07,9.75,10.05,10.05,7766000,0.0000,1.0
2023-06-01,9.5,9.86,9.39,9.71,9.71,9704100,0.0000,1.0
2023-05-31,9.59,9.62,9.39,9.47,9.47,15951900,0.0000,1.0
2023-05-30,9.93,10.0,9.5,9.6,9.6,10286900,0.0000,1.0
2023-05-29,9.84,9.87,9.73,9.82,9.82,2722200,0.0000,1.0
2023-05-26,9.97,9.97,9.66,9.8,9.8,7984800,0.0000,1.0
2023-05-25,9.94,10.03,9.79,9.84,9.84,5283900,0.0000,1.0
2023-05-24,9.8,10.01,9.67,9.74,9.74,5656200,0.0000,1.0
2023-05-23,10.06,10.25,9.84,9.88,9.88,6677100,0.0000,1.0
2023-05-22,10.15,10.29,10.02,10.1,10.1,4484600,0.0000,1.0
2023-05-19,9.9,10.24,9.7,10.1,10.1,11073600,0.0000,1.0
2023-05-18,9.87,10.04,9.69,9.91,9.91,10186600,0.0000,1.0
2023-05-17,9.88,10.05,9.65,9.88,9.88,8860900,0.0000,1.0
2023-05-16,10.15,10.19,9.61,9.64,9.64,13169000,0.0000,1.0
2023-05-15,9.97,10.15,9.84,10.14,10.14,5541200,0.0000,1.0
2023-05-12,9.78,10.12,9.75,9.95,9.95,10375300,0.0000,1.0
2023-05-11,9.67,9.91,9.59,9.81,9.81,9376500,0.0000,1.0
2023-05-10,9.6,9.93,9.48,9.78,9.78,13234800,0.0000,1.0
2023-05-09,9.2,9.7,9.17,9.61,9.61,16798500,0.0000,1.0
2023-05-08,8.89,9.53,8.86,9.46,9.46,25160000,0.0000,1.0
2023-05-06,9.03,9.11,8.8,8.82,8.82,16640300,0.0000,1.0
2023-05-05,9.03,9.11,8.8,8.82,8.82,16640300,0.0000,1.0
2023-05-04,9.58,9.62,8.9,9.0,9.0,26172800,0.0000,1.0
2023-05-03,10.11,10.64,9.32,9.46,9.46,47270000,0.0000,1.0
2023-05-02,10.75,10.75,10.28,10.44,10.44,5751200,0.0000,1.0
2023-04-29,10.44,10.78,10.17,10.75,10.75,6974000,0.0000,1.0
2023-04-28,10.44,10.75,10.17,10.75,10.75,6974000,0.0000,1.0
2023-04-27,10.48,10.53,10.26,10.48,10.48,4557900,0.0000,1.0
2023-04-26,10.52,10.68,10.4,10.49,10.49,7327900,0.0000,1.0
2023-04-25,10.71,10.79,10.2,10.6,10.6,21373800,0.0000,1.0
2023-04-24,10.46,10.7,10.37,10.67,10.67,7443100,0.0000,1.0
2023-04-20,10.02,10.62,10.02,10.5,10.5,12176600,0.0000,1.0
2023-04-19,10.81,10.86,10.04,10.07,10.07,15756900,0.0000,1.0
2023-04-18,11.13,11.17,10.73,10.99,10.99,6970100,0.0000,1.0
2023-04-17,11.01,11.33,10.86,11.06,11.06,10108800,0.0000,1.0
2023-04-14,11.34,11.36,10.96,11.0,11.0,6277600,0.0000,1.0
2023-04-13,11.6,11.68,11.4,11.42,11.3571,4275300,0.0629,1.0
2023-04-12,11.99,11.99,11.47,11.53,11.4665,11703900,0.0000,1.0
2023-04-11,11.53,12.06,11.43,11.96,11.8942,5200600,0.0000,1.0
2023-04-10,11.38,11.48,11.26,11.31,11.2478,2452500,0.0000,1.0
2023-04-06,11.45,11.55,11.3,11.37,11.308,3645000,0.0000,1.0
2023-04-05,11.98,12.02,11.42,11.47,11.4075,4472800,0.0000,1.0
2023-04-04,12.22,12.26,11.93,11.95,11.8849,4213900,0.0000,1.0
2023-04-03,12.4,12.42,12.06,12.23,12.1633,4518000,0.0000,1.0
2023-03-31,12.68,12.84,12.38,12.39,12.3225,10417900,0.0000,1.0
2023-03-30,12.18,12.76,12.05,12.62,12.5512,25082100,0.0000,1.0
2023-03-29,11.99,12.03,11.77,12.01,11.9445,8875100,0.0000,1.0
2023-03-28,11.41,11.96,11.4,11.88,11.8152,6969300,0.0000,1.0
2023-03-27,11.52,11.64,11.41,11.46,11.3975,8319700,0.0000,1.0
2023-03-24,11.33,11.52,11.25,11.46,11.3975,4467100,0.0000,1.0
2023-03-23,11.52,11.73,11.03,11.35,11.2881,7341900,0.0000,1.0
2023-03-22,11.66,11.78,11.25,11.52,11.4572,12246100,0.0000,1.0
2023-03-21,12.15,12.15,11.58,11.64,11.5766,14046000,0.0000,1.0
2023-03-20,12.21,12.38,11.99,12.15,12.0838,4063000,0.0000,1.0
2023-03-17,12.35,12.38,12.04,12.21,12.1434,7914800,0.0000,1.0
2023-03-16,12.53,12.62,12.1,12.4,12.3324,10293100,0.0000,1.0
2023-03-15,12.75,12.79,12.45,12.56,12.4915,7363800,0.0000,1.0
2023-03-14,12.95,13.09,12.73,12.88,12.8098,5875900,0.0000,1.0
2023-03-13,12.52,12.91,12.35,12.87,12.7998,4203400,0.0000,1.0
2023-03-10,12.73,12.86,12.52,12.6,12.5313,4904400,0.0000,1.0
2023-03-09,13.13,13.38,12.74,12.79,12.7203,6828500,0.0000,1.0
2023-03-08,12.64,13.25,12.63,13.13,13.0584,8312100,0.0000,1.0
2023-03-07,12.96,13.0,12.57,12.65,12.581,6646000,0.0000,1.0
2023-03-06,12.95,13.06,12.65,12.97,12.8993,3118700,0.0000,1.0
2023-03-03,12.83,13.22,12.75,12.85,12.78,8861700,0.0000,1.0
2023-03-02,12.87,13.24,12.63,12.76,12.6904,18147700,0.0000,1.0
2023-03-01,13.47,13.55,12.84,12.88,12.8098,9591500,0.0000,1.0
2023-02-28,14.3,14.3,13.45,13.45,13.3767,8752800,0.0000,1.0
2023-02-27,14.23,14.23,13.97,14.23,14.1524,3669900,0.0000,1.0
2023-02-24,14.26,14.44,14.0,14.15,14.0729,4420000,0.0000,1.0
2023-02-23,14.7,14.74,14.14,14.26,14.1823,6360800,0.0000,1.0
2023-02-22,14.86,15.05,14.52,14.62,14.5403,5267600,0.0000,1.0
2023-02-17,14.82,15.12,14.73,15.04,14.958,3444500,0.0000,1.0
2023-02-16,15.13,15.19,14.77,14.97,14.8884,7158700,0.0000,1.0
2023-02-15,14.49,15.23,14.32,15.16,15.0774,6690000,0.0000,1.0
2023-02-14,14.02,14.73,13.91,14.45,14.3712,7961600,0.0000,1.0
2023-02-13,14.16,14.2,13.58,14.04,13.9635,8145300,0.0000,1.0
2023-02-10,13.91,14.43,13.75,14.22,14.1425,5238400,0.0000,1.0
2023-02-09,14.55,14.65,13.83,13.89,13.8143,9751100,0.0000,1.0
2023-02-08,15.11,15.13,14.54,14.59,14.5105,6513200,0.0000,1.0
2023-02-07,15.28,15.28,14.8,15.0,14.9182,5180800,0.0000,1.0
2023-02-06,15.5,15.58,15.11,15.27,15.1868,5457700,0.0000,1.0
2023-02-03,16.3,16.3,15.49,15.58,15.4951,4769800,0.0000,1.0
2023-02-02,16.15,16.62,16.12,16.32,16.231,4450500,0.0000,1.0
2023-02-01,16.4,16.65,16.17,16.29,16.2012,5805900,0.0000,1.0
2023-01-31,16.29,16.54,16.22,16.45,16.3603,4620800,0.0000,1.0
2023-01-30,15.94,16.41,15.86,16.24,16.1515,4331500,0.0000,1.0
2023-01-27,16.05,16.08,15.74,15.91,15.8233,3571200,0.0000,1.0
2023-01-26,16.33,16.49,16.08,16.1,16.0122,5387800,0.0000,1.0
2023-01-25,16.13,16.49,15.86,16.28,16.1913,3035300,0.0000,1.0
2023-01-24,15.61,16.53,15.61,16.14,16.052,14929200,0.0000,1.0
2023-01-23,14.93,15.6,14.52,15.54,15.4553,8758500,0.0000,1.0
2023-01-20,15.0,15.06,14.6,14.71,14.6298,5137900,0.0000,1.0
2023-01-19,15.18,15.46,14.88,15.01,14.9282,5874700,0.0000,1.0
2023-01-18,15.46,15.82,15.13,15.35,15.2663,8010100,0.0000,1.0
2023-01-17,15.47,15.71,15.17,15.23,15.147,10408500,0.0000,1.0
2023-01-16,14.65,15.41,14.53,15.41,15.326,5192200,0.0000,1.0
2023-01-13,14.24,14.77,14.16,14.76,14.6795,5571400,0.0000,1.0
2023-01-12,14.47,14.64,14.14,14.4,14.3215,6019000,0.0000,1.0
2023-01-11,14.69,14.86,14.22,14.53,14.4508,8185400,0.0000,1.0
2023-01-10,14.54,14.82,14.32,14.7,14.6199,10330100,0.0000,1.0
2023-01-09,14.7,15.0,14.57,14.62,14.5403,3332500,0.0000,1.0
2023-01-06,14.68,15.21,14.62,14.79,14.7094,3962100,0.0000,1.0
2023-01-05,14.46,14.8,14.26,14.69,14.6099,4850900,0.0000,1.0
2023-01-04,14.15,14.39,13.83,14.39,14.3116,4243400,0.0000,1.0
2023-01-03,14.13,14.35,14.02,14.07,13.9933,5194800,0.0000,1.0
2022-12-29,15.31,15.31,14.68,14.78,14.6994,4501100,0.0000,1.0
2022-12-28,15.33,15.42,14.9,15.09,15.0077,3907300,0.0000,1.0
2022-12-27,15.66,15.72,15.06,15.2,15.1171,2026000,0.0000,1.0
2022-12-26,15.75,15.79,15.37,15.59,15.505,900700,0.0000,1.0
2022-12-23,15.51,16.15,15.51,15.79,15.7039,6399800,0.0000,1.0
2022-12-22,15.35,15.63,15.27,15.44,15.3558,2774700,0.0000,1.0
2022-12-21,15.16,15.45,15.0,15.33,15.2464,4286500,0.0000,1.0
2022-12-20,14.66,15.3,14.45,15.12,15.0376,7360700,0.0000,1.0
2022-12-19,14.22,14.76,14.2,14.71,14.6298,4398200,0.0000,1.0
2022-12-16,14.52,14.71,14.14,14.14,14.0629,9932100,0.0000,1.0
2022-12-15,14.48,14.83,14.37,14.55,14.4707,4653400,0.0000,1.0
2022-12-14,14.19,14.69,14.15,14.57,14.4906,7306800,0.0000,1.0
2022-12-13,14.6,14.86,14.19,14.28,14.2022,4318900,0.0000,1.0
2022-12-12,14.81,14.93,14.21,14.57,14.4906,5300300,0.0000,1.0
2022-12-09,14.85,15.05,14.74,14.86,14.779,5432200,0.0000,1.0
2022-12-08,14.99,15.07,14.75,14.75,14.6696,3717000,0.0000,1.0
2022-12-07,15.05,15.57,14.65,15.13,15.0475,6527000,0.0000,1.0
2022-12-06,15.28,15.28,14.86,15.1,15.0177,3791700,0.0727,1.0
2022-12-05,15.08,15.2,14.81,15.15,14.9951,3640800,0.0000,1.0
2022-12-02,15.13,15.5,14.92,15.36,15.2029,4101800,0.0000,1.0
2022-12-01,15.9,15.95,15.07,15.1,14.9456,7931400,0.0000,1.0
2022-11-30,15.7,16.0,15.52,15.97,15.8067,19629400,0.0000,1.0
2022-11-29,15.7,15.83,15.46,15.74,15.5791,5389600,0.0000,1.0
2022-11-28,15.82,16.09,15.6,15.69,15.5296,4133100,0.0000,1.0
2022-11-25,16.22,16.25,15.55,15.76,15.5988,4736600,0.0000,1.0
2022-11-24,15.92,16.52,15.78,16.23,16.064,2334500,0.0000,1.0
2022-11-23,15.69,15.91,15.55,15.83,15.6681,2788200,0.0000,1.0
2022-11-22,16.3,16.37,15.55,15.8,15.6384,6187300,0.0000,1.0
2022-11-21,15.89,16.42,15.77,16.21,16.0442,3213400,0.0000,1.0
2022-11-18,16.4,16.82,15.75,15.8,15.6384,7673200,0.0000,1.0
2022-11-17,16.42,16.46,15.79,16.27,16.1036,8653600,0.0000,1.0
2022-11-16,16.6,16.83,16.18,16.72,16.549,11908600,0.0000,1.0
2022-11-14,17.04,17.28,16.71,16.89,16.7173,4055000,0.0000,1.0
2022-11-11,15.92,17.15,15.53,16.98,16.8064,17985100,0.0000,1.0
2022-11-10,17.65,17.69,15.71,15.9,15.7374,16112400,0.0000,1.0
2022-11-09,18.62,19.16,18.21,18.29,18.103,9876500,0.0000,1.0
2022-11-08,18.62,19.41,18.35,18.55,18.3603,12259900,0.0000,1.0
2022-11-07,18.44,19.32,18.31,18.35,18.1624,5641800,0.0000,1.0
2022-11-04,19.48,19.65,18.67,18.7,18.5088,4716700,0.0000,1.0
2022-11-03,18.37,19.38,18.23,19.19,18.9938,4172800,0.0000,1.0
2022-11-01,19.53,19.53,18.84,18.9,18.7067,6685300,0.0000,1.0
2022-10-31,18.66,19.52,18.56,19.46,19.261,7084600,0.0000,1.0
2022-10-28,18.57,19.13,18.53,18.86,18.6671,2774000,0.0000,1.0
2022-10-27,18.12,18.98,18.01,18.68,18.489,4777700,0.0000,1.0
2022-10-26,18.37,18.37,17.84,18.06,17.8753,7886200,0.0000,1.0
2022-10-25,19.48,19.5,18.29,18.34,18.1525,6073800,0.0000,1.0
2022-10-24,18.99,19.51,18.99,19.49,19.2907,2447800,0.0000,1.0
2022-10-21,18.63,19.35,18.54,19.13,18.9344,4537000,0.0000,1.0
2022-10-20,18.92,19.06,18.5,18.7,18.5088,5558200,0.0000,1.0
2022-10-19,18.83,19.05,18.7,18.81,18.6177,3366100,0.0000,1.0
2022-10-18,18.63,19.09,18.42,18.78,18.588,4918800,0.0000,1.0
2022-10-17,18.25,18.47,18.06,18.35,18.1624,3558700,0.0000,1.0
2022-10-14,18.44,18.44,17.91,18.12,17.9347,9009100,0.0000,1.0
2022-10-13,18.49,18.79,18.21,18.43,18.2415,5762000,0.0000,1.0
2022-10-11,18.58,19.0,18.5,18.76,18.5682,5143100,0.0000,1.0
2022-10-10,18.4,18.61,18.24,18.59,18.3999,8547000,0.0000,1.0
2022-10-07,19.2,19.46,18.39,18.43,18.2415,14845600,0.0000,1.0
2022-10-06,19.7,19.82,19.23,19.29,19.0928,7119300,0.0000,1.0
2022-10-05,20.0,20.0,19.38,19.57,19.3699,3522400,0.0000,1.0
2022-10-04,20.5,20.57,19.62,19.81,19.6074,4013700,0.0000,1.0
2022-10-03,19.76,20.12,19.45,20.04,19.8351,3369000,0.0000,1.0
2022-09-30,19.65,19.87,19.23,19.33,19.1323,4944500,0.0000,1.0
2022-09-29,20.2,20.27,19.85,19.88,19.6767,3144200,0.0000,1.0
2022-09-28,20.16,20.55,20.06,20.41,20.2013,3015600,0.0000,1.0
2022-09-27,20.55,20.8,20.02,20.16,19.9539,4500300,0.0000,1.0
2022-09-26,20.74,20.9,20.22,20.32,20.1122,4610100,0.0000,1.0
2022-09-23,21.29,21.59,20.76,20.95,20.7358,5631400,0.0000,1.0
2022-09-22,21.7,21.86,21.12,21.64,21.4187,4408000,0.0000,1.0
2022-09-21,21.6,22.07,21.19,21.4,21.1812,5400800,0.0000,1.0
2022-09-20,20.67,21.83,20.67,21.51,21.29,9509600,0.0000,1.0
2022-09-19,20.23,20.84,20.22,20.67,20.4586,3225800,0.0000,1.0
2022-09-16,20.0,20.53,19.9,20.53,20.3201,19633700,0.1283,1.0
2022-09-15,20.12,20.27,19.77,20.01,19.6784,6864700,0.0000,1.0
2022-09-14,20.25,20.31,19.84,20.12,19.7865,3923100,0.0000,1.0
2022-09-13,20.6,20.6,20.21,20.31,19.9734,5979400,0.0000,1.0
2022-09-12,20.81,21.04,20.66,20.75,20.4061,3394300,0.0000,1.0
2022-09-09,20.46,20.64,20.27,20.55,20.2094,5445600,0.0000,1.0
2022-09-08,20.61,20.82,20.24,20.32,19.9832,3312600,0.0000,1.0
2022-09-06,20.19,20.58,19.89,20.45,20.1111,4401500,0.0000,1.0
2022-09-05,20.39,20.7,20.27,20.34,20.0029,4079100,0.0000,1.0
2022-09-02,20.12,20.59,20.09,20.35,20.0127,9745200,0.0000,1.0
2022-09-01,19.7,20.57,19.7,20.02,19.6882,5948800,0.0000,1.0
2022-08-31,19.94,20.15,19.75,19.75,19.4227,6171700,0.0000,1.0
2022-08-30,20.04,20.24,19.7,19.83,19.5013,3264500,0.0000,1.0
2022-08-29,20.0,20.25,19.85,20.05,19.7177,4161700,0.0000,1.0
2022-08-26,20.18,20.37,19.93,20.06,19.7275,2264000,0.0000,1.0
2022-08-25,20.04,20.36,19.98,20.08,19.7472,3152100,0.0000,1.0
2022-08-24,19.97,20.38,19.95,20.02,19.6882,3383900,0.0000,1.0
2022-08-23,20.15,20.17,19.91,20.07,19.7374,2025700,0.0000,1.0
2022-08-22,20.04,20.28,19.97,20.06,19.7275,2507400,0.0000,1.0
2022-08-19,20.44,20.57,20.15,20.2,19.8652,2545500,0.0000,1.0
2022-08-18,20.4,20.93,20.38,20.59,20.2487,4021100,0.0000,1.0
2022-08-17,19.88,20.36,19.82,20.29,19.9537,2863600,0.0000,1.0
2022-08-16,20.2,20.29,19.89,20.08,19.7472,2352800,0.0000,1.0
2022-08-15,20.1,20.22,19.91,20.16,19.8259,2667500,0.0000,1.0
2022-08-12,20.02,20.44,20.02,20.26,19.9242,3203500,0.0000,1.0
2022-08-11,20.76,20.79,19.97,20.02,19.6882,4754100,0.0000,1.0
2022-08-10,20.2,20.88,20.14,20.59,20.2487,5638400,0.0000,1.0
2022-08-09,19.98,20.19,19.71,20.07,19.7374,4209000,0.0000,1.0
2022-08-08,19.63,20.07,19.49,19.87,19.5407,6019900,0.0000,1.0
2022-08-05,19.44,19.65,19.32,19.58,19.2555,1844000,0.0000,1.0
2022-08-04,19.28,19.65,19.1,19.45,19.1276,6172100,0.0000,1.0
2022-08-03,18.98,19.32,18.85,19.26,18.9408,4482400,0.0000,1.0
2022-08-02,18.82,18.96,18.56,18.9,18.5867,3045700,0.0000,1.0
2022-08-01,18.7,19.09,18.61,18.82,18.5081,3991800,0.0000,1.0
2022-07-29,18.36,18.72,18.18,18.63,18.3212,4258700,0.0000,1.0
2022-07-28,17.98,18.41,17.86,18.26,17.9574,5930300,0.0000,1.0
2022-07-27,17.22,18.0,17.22,17.98,17.682,8898700,0.0000,1.0
2022-07-26,17.02,17.03,16.69,16.76,16.4822,2100400,0.0000,1.0
2022-07-25,17.08,17.19,16.91,17.0,16.7182,2325500,0.0000,1.0
2022-07-22,16.81,17.13,16.73,16.93,16.6494,2043100,0.0000,1.0
2022-07-21,16.91,17.06,16.73,16.83,16.5511,2690900,0.0000,1.0
2022-07-20,17.02,17.25,16.91,17.04,16.7576,1659900,0.0000,1.0
2022-07-19,17.05,17.16,16.83,17.07,16.7871,2169100,0.0000,1.0
2022-07-18,17.21,17.24,16.85,16.94,16.6592,1633300,0.0000,1.0
2022-07-15,17.41,17.45,16.84,17.11,16.8264,2080100,0.0000,1.0
2022-07-14,17.08,17.56,17.08,17.32,17.0329,3459700,0.0000,1.0
2022-07-13,16.6,17.4,16.5,17.27,16.9838,6699900,0.0000,1.0
2022-07-12,17.2,17.2,16.62,16.72,16.4429,4664600,0.0000,1.0
2022-07-11,17.4,17.51,17.12,17.2,16.9149,2504700,0.0000,1.0
2022-07-08,17.61,17.85,17.32,17.47,17.1804,3161500,0.0000,1.0
2022-07-07,17.1,17.64,16.9,17.5,17.21,6222400,0.0000,1.0
2022-07-06,16.64,17.19,16.58,16.84,16.5609,4724300,0.0000,1.0
2022-07-05,15.97,16.89,15.83,16.77,16.4921,4271600,0.0000,1.0
2022-07-04,16.31,16.31,15.95,16.1,15.8332,2232900,0.0000,1.0
2022-07-01,16.51,16.64,16.28,16.36,16.0888,4745200,0.0000,1.0
2022-06-30,16.14,16.97,16.11,16.67,16.3937,4384000,0.0000,1.0
2022-06-29,16.54,16.61,16.27,16.55,16.2757,6101700,0.0000,1.0
2022-06-28,16.69,16.74,16.31,16.46,16.1872,2597200,0.0000,1.0
2022-06-27,16.32,16.6,16.29,16.55,16.2757,3083800,0.0000,1.0
2022-06-24,16.25,16.4,15.97,16.23,15.961,4388600,0.0000,1.0
2022-06-23,15.94,16.28,15.59,16.11,15.843,6630600,0.0000,1.0
2022-06-22,16.15,16.2,15.79,15.83,15.5676,4211400,0.0000,1.0
2022-06-21,16.36,16.5,15.97,16.27,16.0003,4405400,0.0000,1.0
2022-06-20,16.46,16.52,15.97,16.25,15.9807,2468300,0.0000,1.0
2022-06-17,16.47,16.64,16.22,16.54,16.2659,6846600,0.1255,1.0
2022-06-15,16.72,17.08,16.54,16.79,16.3864,5892100,0.0000,1.0
2022-06-14,17.12,17.35,16.55,16.57,16.1717,8459400,0.0000,1.0
2022-06-13,17.54,17.78,16.93,17.09,16.6792,4253700,0.0000,1.0
2022-06-10,18.1,18.19,17.78,17.83,17.4014,3094300,0.0000,1.0
2022-06-09,18.35,18.72,18.15,18.22,17.782,3418700,0.0000,1.0
2022-06-08,18.45,18.87,18.39,18.45,18.0065,3233800,0.0000,1.0
2022-06-07,18.42,18.73,18.24,18.59,18.1431,3386100,0.0000,1.0
2022-06-06,18.86,18.86,18.47,18.6,18.1529,1525000,0.0000,1.0
2022-06-03,18.77,18.96,18.64,18.7,18.2505,1558800,0.0000,1.0
2022-06-02,18.88,19.07,18.53,18.87,18.4164,2672800,0.0000,1.0
2022-06-01,19.35,19.4,18.74,18.74,18.2895,2609800,0.0000,1.0
2022-05-31,19.57,19.73,19.23,19.35,18.8849,6356400,0.0000,1.0
2022-05-30,19.65,19.74,19.39,19.41,18.9434,1213400,0.0000,1.0
2022-05-27,19.94,19.94,19.49,19.56,19.0898,1662300,0.0000,1.0
2022-05-26,19.61,19.92,19.61,19.79,19.3143,2215900,0.0000,1.0
2022-05-25,19.67,19.77,19.36,19.59,19.1191,2508900,0.0000,1.0
2022-05-24,19.33,19.92,19.33,19.83,19.3533,3012800,0.0000,1.0
2022-05-23,19.95,20.0,19.38,19.49,19.0215,2033500,0.0000,1.0
2022-05-20,19.76,19.84,19.39,19.77,19.2948,2729100,0.0000,1.0
2022-05-19,19.06,19.7,18.92,19.53,19.0605,4477800,0.0000,1.0
2022-05-18,19.66,19.75,19.0,19.05,18.5921,3900700,0.0000,1.0
2022-05-17,19.53,19.85,19.37,19.74,19.2655,3470900,0.0000,1.0
2022-05-16,19.23,19.52,19.19,19.36,18.8946,2732200,0.0000,1.0
2022-05-13,19.62,19.7,19.21,19.29,18.8263,3004000,0.0000,1.0
2022-05-12,19.11,19.57,19.04,19.52,19.0508,3735700,0.0000,1.0
2022-05-11,19.37,19.38,19.03,19.18,18.719,4005000,0.0000,1.0
2022-05-10,19.25,19.53,18.93,19.32,18.8556,2721800,0.0000,1.0
2022-05-09,18.77,19.14,18.47,19.07,18.6116,4144900,0.0000,1.0
2022-05-06,20.2,20.2,18.75,18.87,18.4164,7141900,0.0000,1.0
2022-05-05,20.26,20.42,19.79,20.3,19.812,5325400,0.0000,1.0
2022-05-04,20.26,20.58,19.96,20.48,19.9877,4494000,0.0000,1.0
2022-05-03,20.4,20.49,20.09,20.27,19.7828,3267300,0.0000,1.0
2022-05-02,20.41,20.76,19.88,20.45,19.9584,5372700,0.0000,1.0
2022-04-29,21.15,21.15,20.38,20.57,20.0755,5742800,0.0000,1.0
2022-04-28,20.9,21.16,20.8,20.96,20.4562,4332200,0.0000,1.0
2022-04-27,21.2,21.2,20.76,21.05,20.544,3738900,0.0000,1.0
2022-04-26,21.18,21.44,20.85,20.96,20.4562,3436300,0.0196,1.0
2022-04-25,21.3,21.48,21.01,21.4,20.8664,3615100,0.0000,1.0
2022-04-22,21.42,21.67,21.21,21.38,20.8469,4260800,0.0000,1.0
2022-04-20,22.12,22.31,21.63,21.75,21.2077,4320800,0.0000,1.0
2022-04-19,22.55,22.55,21.85,22.06,21.51,6349000,0.0000,1.0
2022-04-18,23.0,23.18,22.92,23.05,22.4753,1846000,0.0000,1.0
2022-04-14,23.23,23.37,22.9,23.11,22.5338,2325900,0.0000,1.0
2022-04-13,23.46,23.7,23.19,23.27,22.6898,2915400,0.0000,1.0
2022-04-12,23.73,24.18,23.3,23.36,22.7776,6173300,0.0000,1.0
2022-04-11,23.09,24.01,23.08,23.56,22.9726,3945800,0.0000,1.0
2022-04-08,23.15,23.43,22.89,23.3,22.719,2684700,0.0000,1.0
2022-04-07,23.23,23.58,23.12,23.25,22.6703,3054400,0.0000,1.0
2022-04-06,23.41,23.5,23.04,23.36,22.7776,4016300,0.0000,1.0
2022-04-05,23.31,23.52,22.96,23.41,22.8263,4436700,0.0000,1.0
2022-04-04,22.42,23.26,22.42,23.17,22.5923,3389500,0.0000,1.0
2022-04-01,22.6,23.06,22.1,22.53,21.9682,6057700,0.0000,1.0
2022-03-31,22.2,22.61,22.15,22.52,21.9585,9577700,0.0000,1.0
2022-03-30,21.92,22.26,21.58,22.2,21.6465,11653900,0.0000,1.0
2022-03-29,22.67,22.69,21.85,21.85,21.3052,3139900,0.0000,1.0
2022-03-28,22.8,22.91,22.0,22.2,21.6465,3584500,0.0000,1.0
2022-03-25,21.86,22.84,21.82,22.71,22.1438,3709700,0.0000,1.0
2022-03-24,21.7,21.99,21.42,21.99,21.4417,3407600,0.0000,1.0
2022-03-23,21.49,21.88,21.33,21.58,21.0419,3694700,0.0000,1.0
2022-03-22,21.01,21.73,20.99,21.58,21.0419,3242800,0.0000,1.0
2022-03-21,20.85,20.95,20.4,20.95,20.4276,2734900,0.0000,1.0
2022-03-18,19.8,20.89,19.57,20.87,20.3496,8617400,0.0000,1.0
2022-03-17,19.72,19.96,19.3,19.96,19.4623,3687900,0.0000,1.0
2022-03-16,19.71,19.92,19.23,19.8,19.3063,4883600,0.0000,1.0
2022-03-15,19.39,19.76,19.27,19.68,19.1893,3751500,0.0000,1.0
2022-03-14,19.4,19.72,19.29,19.55,19.0625,3267600,0.0000,1.0
2022-03-11,19.66,19.83,19.22,19.4,18.9163,3332900,0.0000,1.0
2022-03-10,19.27,19.68,18.86,19.52,19.0333,3961500,0.0000,1.0
2022-03-09,18.93,19.62,18.8,19.5,19.0138,5362200,0.0000,1.0
2022-03-08,19.21,19.35,18.67,18.93,18.458,6163800,0.0000,1.0
2022-03-07,19.34,19.47,19.02,19.18,18.7018,5349200,0.0000,1.0
2022-03-04,20.12,20.12,19.25,19.68,19.1893,6267100,0.0000,1.0
2022-03-03,19.79,20.2,19.62,20.18,19.6768,8956600,0.0000,1.0
2022-03-02,19.05,19.92,19.04,19.92,19.4233,9698400,0.0000,1.0
2022-02-25,18.15,19.05,18.07,19.05,18.575,7560700,0.0000,1.0
2022-02-24,17.67,18.3,17.38,18.3,17.8437,6045000,0.0000,1.0
2022-02-23,18.06,18.1,17.78,17.92,17.4732,3787100,0.0000,1.0
2022-02-22,17.48,18.21,17.3,18.21,17.756,18111400,0.0000,1.0
2022-02-21,17.36,17.41,17.1,17.36,16.9272,1502800,0.0000,1.0
2022-02-18,17.22,17.55,17.05,17.4,16.9662,3949600,0.0000,1.0
2022-02-17,16.67,17.53,16.67,17.11,16.6834,4231700,0.0000,1.0
2022-02-16,16.29,17.43,16.21,16.85,16.4299,10437500,0.0000,1.0
2022-02-15,16.39,16.48,15.96,16.0,15.6011,6219500,0.0000,1.0
2022-02-14,16.62,16.98,16.25,16.3,15.8936,9455400,0.0000,1.0
2022-02-11,16.84,16.97,16.61,16.65,16.2349,8924900,0.0000,1.0
2022-02-10,16.42,16.75,16.4,16.75,16.3324,4230600,0.0000,1.0
2022-02-09,16.03,16.6,16.0,16.4,15.9911,6535900,0.0000,1.0
2022-02-08,15.75,15.93,15.6,15.86,15.4646,4367200,0.0000,1.0
2022-02-07,15.88,16.05,15.66,15.91,15.5133,4610000,0.0000,1.0
2022-02-04,16.47,16.47,15.52,15.8,15.406,8827100,0.0000,1.0
2022-02-03,16.54,16.86,16.44,16.45,16.0398,3526600,0.0000,1.0
2022-02-02,16.63,16.8,16.36,16.57,16.1569,3187400,0.0000,1.0
2022-02-01,16.67,16.75,16.39,16.62,16.2056,1731700,0.0000,1.0
2022-01-31,16.5,16.75,16.31,16.67,16.2544,2461300,0.0000,1.0
2022-01-28,16.43,16.76,16.31,16.54,16.1276,6344300,0.0000,1.0
2022-01-27,15.8,16.58,15.66,16.55,16.1373,10839500,0.0000,1.0
2022-01-26,15.5,15.85,15.26,15.65,15.2598,6747500,0.0000,1.0
2022-01-25,14.99,15.49,14.84,15.46,15.0745,4861700,0.0000,1.0
2022-01-24,14.84,15.02,14.62,14.95,14.5772,3475700,0.0000,1.0
2022-01-21,14.64,14.87,14.52,14.87,14.4992,3826200,0.0000,1.0
2022-01-20,15.13,15.17,14.52,14.65,14.2847,6633700,0.0000,1.0
2022-01-19,14.67,15.07,14.57,15.04,14.665,7339500,0.0000,1.0
2022-01-18,14.49,14.68,14.2,14.61,14.2457,5103900,0.0000,1.0
2022-01-17,14.33,14.64,14.29,14.49,14.1287,2054500,0.0000,1.0
2022-01-14,14.2,14.4,13.88,14.4,14.041,3935500,0.0000,1.0
2022-01-13,14.49,14.55,14.02,14.2,13.8459,2547800,0.0000,1.0
2022-01-12,14.21,14.54,14.06,14.49,14.1287,2622500,0.0000,1.0
2022-01-11,13.98,14.26,13.98,14.24,13.8849,3512200,0.0000,1.0
2022-01-10,13.89,14.34,13.73,14.06,13.7094,5595900,0.0000,1.0
2022-01-07,14.19,14.3,13.94,13.96,13.6119,4353900,0.0000,1.0
2022-01-06,14.07,14.74,13.98,14.27,13.9142,9257200,0.0000,1.0
2022-01-05,14.17,14.54,13.96,13.96,13.6119,7156000,0.0000,1.0
2022-01-04,14.32,14.39,14.16,14.28,13.9239,2954900,0.0000,1.0
2022-01-03,15.17,15.19,14.26,14.32,13.963,4634100,0.0000,1.0
2021-12-30,14.99,15.3,14.89,15.25,14.8698,3478400,0.0000,1.0
2021-12-29,15.24,15.24,14.84,14.92,14.548,1863400,0.0000,1.0
2021-12-28,15.48,15.52,15.07,15.21,14.8308,5531500,0.0000,1.0
2021-12-27,15.37,15.57,15.31,15.47,15.0843,1726200,0.0000,1.0
2021-12-23,15.25,15.42,15.12,15.39,15.0063,2456900,0.0000,1.0
2021-12-22,15.32,15.33,14.83,15.3,14.9185,4247500,0.0000,1.0
2021-12-21,15.51,15.55,15.18,15.32,14.938,2374100,0.0000,1.0
2021-12-20,15.73,15.86,15.35,15.51,15.1233,2231100,0.0000,1.0
2021-12-17,15.81,15.94,15.68,15.81,15.4158,5240100,0.0000,1.0
2021-12-16,15.61,16.1,15.61,15.98,15.5816,4445700,0.0000,1.0
2021-12-15,15.32,15.68,15.28,15.55,15.1623,3655100,0.0000,1.0
2021-12-14,15.29,15.62,15.08,15.23,14.8503,4960300,0.0000,1.0
2021-12-13,15.56,15.62,15.26,15.26,14.8795,3975500,0.0000,1.0
2021-12-10,14.9,15.64,14.89,15.55,15.1623,5802500,0.0000,1.0
2021-12-09,14.86,14.87,14.49,14.81,14.4407,5392700,0.0000,1.0
2021-12-08,14.93,15.04,14.69,14.93,14.5577,5317400,0.0000,1.0
2021-12-07,15.3,15.32,14.7,14.85,14.4797,5759200,0.0000,1.0
2021-12-06,14.86,15.19,14.85,15.09,14.7138,4499500,0.0000,1.0
2021-12-03,14.99,15.32,14.69,14.78,14.4115,11756000,0.0000,1.0
2021-12-02,15.19,15.25,14.73,14.97,14.5967,7481000,0.0000,1.0
2021-12-01,15.44,15.55,14.89,15.03,14.6552,5351000,0.0000,1.0
2021-11-30,15.5,15.62,15.18,15.33,14.9478,12977900,0.0000,1.0
2021-11-29,15.88,15.89,15.54,15.54,15.1525,5984200,0.0000,1.0
2021-11-26,16.0,16.04,15.62,15.66,15.2695,2176600,0.0000,1.0
2021-11-25,16.11,16.52,16.1,16.34,15.9326,1620800,0.0000,1.0
2021-11-24,15.93,16.29,15.8,16.1,15.6986,2869800,0.0000,1.0
2021-11-23,15.89,16.02,15.51,16.02,15.6206,4660300,0.0000,1.0
2021-11-22,16.14,16.32,15.7,15.8,15.406,4659000,0.0000,1.0
2021-11-19,15.97,16.41,15.92,16.15,15.7473,5370200,0.0000,1.0
2021-11-18,16.2,16.38,15.81,16.0,15.6011,3503400,0.0000,1.0
2021-11-17,16.56,16.6,15.99,16.18,15.7766,3123300,0.0000,1.0
2021-11-16,17.12,17.19,16.33,16.49,16.0788,5245000,0.3394,1.0
2021-11-12,16.86,17.51,16.73,17.35,16.5692,6008400,0.4361,1.0
2021-11-11,17.0,17.03,16.75,16.82,15.648,2759900,0.0000,1.0
2021-11-10,17.34,17.56,16.73,16.88,15.7038,5268600,0.0000,1.0
2021-11-09,17.04,17.8,17.04,17.53,16.3085,3418400,0.0000,1.0
2021-11-08,16.69,17.3,16.65,17.02,15.834,2401400,0.0000,1.0
2021-11-05,17.09,17.25,16.69,16.8,15.6294,4668100,0.0000,1.0
2021-11-04,17.26,17.38,16.66,16.97,15.7875,4354600,0.0000,1.0
2021-11-03,17.24,17.67,17.11,17.31,16.1038,4217200,0.0000,1.0
2021-11-01,16.83,17.39,16.76,17.28,16.0759,2713800,0.0000,1.0
2021-10-29,17.19,17.22,16.64,16.64,15.4805,4463200,0.0000,1.0
2021-10-28,17.12,17.36,16.93,17.09,15.8992,4412000,0.0000,1.0
2021-10-27,17.13,17.52,17.13,17.24,16.0387,2812800,0.0000,1.0
2021-10-26,16.91,17.42,16.9,17.17,15.9736,4706700,0.0000,1.0
2021-10-25,16.93,17.33,16.78,17.14,15.9457,4179300,0.0000,1.0
2021-10-22,16.85,17.21,16.42,16.83,15.6573,7374600,0.0000,1.0
2021-10-21,17.36,17.42,16.67,17.03,15.8433,5555600,0.0000,1.0
2021-10-20,18.2,18.22,17.54,17.61,16.3829,4479900,0.0000,1.0
2021-10-19,18.6,18.64,17.89,18.07,16.8109,3144700,0.0000,1.0
2021-10-18,18.55,18.86,18.41,18.73,17.4249,2814700,0.0000,1.0
2021-10-15,18.02,18.86,17.97,18.65,17.3505,5986700,0.0000,1.0
2021-10-14,18.37,18.41,17.92,18.0,16.7458,2614600,0.0000,1.0
2021-10-13,17.88,18.38,17.88,18.31,17.0342,5221000,0.0000,1.0
2021-10-11,18.07,18.44,17.84,17.98,16.7271,3723200,0.0000,1.0
2021-10-08,17.99,18.22,17.84,18.09,16.8295,5479400,0.0000,1.0
2021-10-07,18.03,18.16,17.8,17.83,16.5876,2445100,0.0000,1.0
2021-10-06,17.86,18.18,17.68,18.18,16.9132,4627900,0.0000,1.0
2021-10-05,17.64,18.2,17.48,18.06,16.8016,4716000,0.0000,1.0
2021-10-04,17.64,17.69,17.38,17.62,16.3922,2894100,0.0000,1.0
2021-10-01,17.77,17.82,17.42,17.75,16.5132,3417500,0.0000,1.0
2021-09-30,17.5,17.88,17.28,17.76,16.5225,12433100,0.0000,1.0
2021-09-29,17.66,17.74,17.3,17.42,16.2062,3754800,0.0000,1.0
2021-09-28,17.59,17.79,17.38,17.62,16.3922,17801100,0.0000,1.0
2021-09-27,18.22,18.36,17.43,17.66,16.4294,11181300,0.0000,1.0
2021-09-24,18.18,18.58,17.95,18.15,16.8853,5500100,0.0000,1.0
2021-09-23,18.19,18.33,18.08,18.33,17.0528,3161700,0.0000,1.0
2021-09-22,18.28,18.35,18.08,18.16,16.8946,2176600,0.0000,1.0
2021-09-21,18.03,18.29,17.85,18.1,16.8388,1956900,0.0000,1.0
2021-09-20,17.99,18.36,17.89,17.99,16.7365,2437400,0.0000,1.0
2021-09-17,18.1,18.42,17.9,18.21,16.9411,6489000,0.0000,1.0
2021-09-16,18.45,18.67,18.08,18.14,16.876,4735600,0.0000,1.0
2021-09-15,18.66,18.66,18.28,18.58,17.2853,2959600,0.0000,1.0
2021-09-14,18.82,18.9,18.53,18.67,17.3691,2604100,0.0000,1.0
2021-09-13,18.59,18.99,18.45,18.74,17.4342,5344000,0.0000,1.0
2021-09-10,18.57,18.76,18.26,18.42,17.1365,4438200,0.0000,1.0
2021-09-09,17.82,18.6,17.74,18.5,17.2109,6079700,0.0000,1.0
2021-09-08,18.74,18.85,17.8,17.91,16.662,4270400,0.0000,1.0
2021-09-06,18.31,18.78,18.24,18.77,17.4621,1619700,0.0000,1.0
2021-09-03,18.22,18.37,18.05,18.32,17.0435,3675500,0.0000,1.0
2021-09-02,18.13,18.3,17.92,18.15,16.8853,3050000,0.0000,1.0
2021-09-01,18.14,18.39,17.86,18.18,16.9132,7344100,0.0000,1.0
2021-08-31,18.71,18.78,18.05,18.15,16.8853,7646900,0.0000,1.0
2021-08-30,18.65,18.73,18.5,18.69,17.3877,1600000,0.0000,1.0
2021-08-27,18.5,18.75,18.41,18.75,17.4435,2308300,0.0000,1.0
2021-08-26,18.75,18.92,18.45,18.45,17.1644,4185400,0.0000,1.0
2021-08-25,18.72,18.9,18.52,18.89,17.5737,4023000,0.0000,1.0
2021-08-24,18.96,18.96,18.69,18.87,17.5551,3155100,0.0000,1.0
2021-08-23,19.2,19.2,18.48,18.8,17.49,4446900,0.0000,1.0
2021-08-20,18.72,19.21,18.68,19.21,17.8714,4845800,0.0000,1.0
2021-08-19,17.93,18.96,17.87,18.88,17.5644,7888800,0.0000,1.0
2021-08-18,18.06,18.28,17.84,18.1,16.8388,6428300,0.0000,1.0
2021-08-17,18.48,18.53,17.87,18.11,16.8481,7623100,0.0000,1.0
2021-08-16,18.68,18.84,18.38,18.56,17.2667,3098200,0.0000,1.0
2021-08-13,19.0,19.0,18.64,18.84,17.5272,4371900,0.0000,1.0
2021-08-12,18.87,19.15,18.73,18.95,17.6296,3660300,0.0000,1.0
2021-08-11,18.79,19.1,18.71,18.97,17.6482,3770300,0.0000,1.0
2021-08-10,18.97,19.0,18.65,18.83,17.5179,5833000,0.0000,1.0
2021-08-09,19.17,19.38,18.9,18.95,17.6296,3338600,0.0000,1.0
2021-08-06,18.86,19.23,18.71,19.15,17.8156,4803400,0.0000,1.0
2021-08-05,19.1,19.11,18.63,18.86,17.5458,3188900,0.0000,1.0
2021-08-04,19.06,19.18,18.76,19.06,17.7319,3518600,0.0000,1.0
2021-08-03,18.84,19.12,18.67,19.12,17.7877,4207800,0.0000,1.0
2021-08-02,18.98,19.2,18.74,18.87,17.5551,6952800,0.0000,1.0
2021-07-30,19.05,19.33,18.61,18.99,17.6668,9032900,0.0000,1.0
2021-07-29,19.5,19.5,19.04,19.24,17.8994,4000600,0.0000,1.0
2021-07-28,19.72,19.76,19.19,19.54,18.1784,7655200,0.0000,1.0
2021-07-27,19.9,20.09,19.57,19.8,18.4203,3857400,0.0000,1.0
2021-07-26,19.76,20.0,19.5,19.88,18.4948,15882400,0.0000,1.0
2021-07-23,20.0,20.1,19.61,19.71,18.3366,3620400,0.0000,1.0
2021-07-22,20.08,20.23,19.92,20.0,18.6064,5121700,0.0000,1.0
2021-07-21,20.21,20.25,19.99,20.07,18.6715,3191200,0.0000,1.0
2021-07-20,20.28,20.35,20.11,20.19,18.7832,2326900,0.0000,1.0
2021-07-19,20.51,20.59,20.1,20.28,18.8669,2815800,0.0000,1.0
2021-07-16,20.78,20.81,20.53,20.65,19.2111,1269300,0.0000,1.0
2021-07-15,20.9,20.98,20.54,20.67,19.2297,2226500,0.0000,1.0
2021-07-14,20.85,21.11,20.58,20.97,19.5088,5356800,0.0000,1.0
2021-07-13,20.51,20.71,20.35,20.69,19.2483,2483200,0.0000,1.0
2021-07-12,20.75,20.81,20.26,20.55,19.1181,3876300,0.0000,1.0
2021-07-08,20.57,20.81,20.41,20.77,19.3227,2160500,0.0000,1.0
2021-07-07,20.77,21.02,20.62,20.9,19.4437,3911600,0.0000,1.0
2021-07-06,20.96,20.99,20.45,20.64,19.2018,3601000,0.0000,1.0
2021-07-05,21.23,21.29,21.0,21.01,19.546,1333100,0.0000,1.0
2021-07-02,20.98,21.4,20.66,21.32,19.8344,3651600,0.0000,1.0
2021-07-01,20.95,21.0,20.59,20.9,19.4437,1827100,0.0000,1.0
2021-06-30,21.01,21.22,20.84,21.0,19.5367,3575500,0.0000,1.0
2021-06-29,21.38,21.4,20.78,21.15,19.6763,3664900,0.0000,1.0
2021-06-28,21.39,21.49,21.1,21.42,19.9274,2550900,0.0000,1.0
2021-06-25,21.71,21.71,21.25,21.39,19.8995,3275800,0.0000,1.0
2021-06-24,21.39,21.72,21.31,21.63,20.1228,2775600,0.0000,1.0
2021-06-23,21.35,21.43,21.12,21.28,19.7972,3155700,0.0000,1.0
2021-06-22,21.63,21.64,20.99,21.47,19.974,4707000,0.0000,1.0
2021-06-21,22.0,22.23,21.64,21.65,20.1414,4162700,0.0000,1.0
2021-06-18,21.9,22.16,21.45,22.16,20.6159,8166500,0.0882,1.0
2021-06-17,22.03,22.18,21.7,21.88,20.2734,2141500,0.0000,1.0
2021-06-16,22.5,22.53,21.88,22.08,20.4587,6571400,0.0000,1.0
2021-06-15,22.65,22.66,22.41,22.45,20.8015,1354800,0.0000,1.0
2021-06-14,22.79,22.83,22.38,22.6,20.9405,3417900,0.0000,1.0
2021-06-11,23.64,23.64,22.63,22.65,20.9868,3721300,0.0000,1.0
2021-06-10,22.9,23.83,22.82,23.59,21.8578,4508200,0.0000,1.0
2021-06-09,22.66,23.09,22.66,22.85,21.1722,2798700,0.0000,1.0
2021-06-08,23.06,23.27,22.6,22.84,21.1629,2682100,0.0000,1.0
2021-06-07,22.87,23.25,22.67,23.03,21.3389,3146300,0.0000,1.0
2021-06-04,22.82,22.92,22.64,22.8,21.1258,2675900,0.0000,1.0
2021-06-02,22.45,22.94,22.42,22.83,21.1536,4578300,0.0000,1.0
2021-06-01,22.51,22.55,22.2,22.41,20.7645,2464300,0.0000,1.0
2021-05-31,21.91,22.4,21.72,22.4,20.7552,2293600,0.0000,1.0
2021-05-28,21.65,22.17,21.48,21.91,20.3012,3955700,0.0000,1.0
2021-05-27,21.61,22.43,21.61,21.65,20.0603,12884000,0.0000,1.0
2021-05-26,21.55,21.63,21.1,21.5,19.9213,5249000,0.0000,1.0
2021-05-25,21.77,21.89,21.23,21.42,19.8472,3152400,0.0000,1.0
2021-05-24,21.24,21.95,21.1,21.7,20.1066,5495000,0.0000,1.0
2021-05-21,20.62,21.25,20.62,21.2,19.6433,3607800,0.0000,1.0
2021-05-20,20.47,20.77,20.39,20.68,19.1615,2820000,0.0000,1.0
2021-05-19,20.3,20.84,20.26,20.44,18.9391,3488000,0.0000,1.0
2021-05-18,20.27,20.59,20.08,20.49,18.9855,3263900,0.0000,1.0
2021-05-17,20.57,20.67,20.22,20.3,18.8094,4893100,0.0000,1.0
2021-05-14,20.95,20.95,20.42,20.57,19.0596,3132500,0.0000,1.0
2021-05-13,20.45,20.91,20.33,20.72,19.1986,4374600,0.0000,1.0
2021-05-12,21.18,21.18,20.3,20.38,18.8835,7503000,0.0000,1.0
2021-05-11,21.05,21.5,20.97,21.5,19.9213,2594400,0.0000,1.0
2021-05-10,21.9,21.9,21.1,21.38,19.8101,6203400,0.0000,1.0
2021-05-07,21.21,21.59,20.94,21.49,19.912,3223800,0.0000,1.0
2021-05-06,21.65,21.67,21.07,21.1,19.5507,2500700,0.0000,1.0
2021-05-05,21.14,21.67,20.96,21.65,20.0603,4686600,0.0000,1.0
2021-05-04,21.27,21.36,20.93,21.13,19.5785,2718700,0.0000,1.0
2021-05-03,21.72,21.85,21.12,21.27,19.7082,3704100,0.0000,1.0
2021-04-30,21.98,22.17,21.61,21.72,20.1251,3481600,0.0000,1.0
2021-04-29,21.91,22.18,21.78,22.18,20.5514,2114700,0.0000,1.0
2021-04-28,21.77,22.01,21.7,21.91,20.3012,2769100,0.0000,1.0
2021-04-27,22.09,22.14,21.6,21.74,20.1437,2252600,0.0000,1.0
2021-04-26,22.61,22.68,21.84,22.09,20.468,3231300,0.0000,1.0
2021-04-23,22.36,22.63,22.21,22.59,20.9313,2699300,0.0000,1.0
2021-04-22,23.07,23.07,22.18,22.21,20.5792,5848200,0.0000,1.0
2021-04-20,22.38,23.21,22.37,22.93,21.2463,7662200,0.0000,1.0
2021-04-19,22.76,22.85,22.11,22.2,20.5699,4825400,0.0000,1.0
2021-04-16,22.91,23.19,22.87,23.19,21.4872,1884500,0.0000,1.0
2021-04-15,22.79,23.03,22.67,23.03,21.3389,1884900,0.0000,1.0
2021-04-14,23.12,23.2,22.52,22.71,21.0424,4465500,0.3824,1.0
2021-04-13,23.19,23.26,22.9,23.02,20.9754,3056400,0.0000,1.0
2021-04-12,23.1,23.27,22.9,23.2,21.1394,3459300,0.0000,1.0
2021-04-09,23.4,23.67,22.9,23.1,21.0483,3628500,0.0000,1.0
2021-04-08,23.25,23.62,23.07,23.62,21.5221,3747100,0.0000,1.0
2021-04-07,23.29,23.53,22.94,23.25,21.1849,3897100,0.0000,1.0
2021-04-06,23.5,23.57,23.07,23.38,21.3034,3614700,0.0000,1.0
2021-04-05,23.05,23.66,22.98,23.66,21.5585,3494500,0.0000,1.0
2021-04-01,23.28,23.3,22.63,22.81,20.784,3375100,0.0000,1.0
2021-03-31,22.85,23.31,22.47,23.22,21.1576,4630400,0.0000,1.0
2021-03-30,22.16,22.92,22.16,22.89,20.8569,4527700,0.0000,1.0
2021-03-29,22.09,22.42,22.02,22.32,20.3375,3818900,0.0000,1.0
2021-03-26,22.03,22.45,21.95,22.22,20.2464,4350400,0.0000,1.0
2021-03-25,21.7,22.35,21.56,22.14,20.1735,8539800,0.0000,1.0
2021-03-24,21.89,22.4,21.35,21.73,19.8,24004800,0.0000,1.0
2021-03-23,19.11,19.58,18.98,19.27,17.5584,2941300,0.0000,1.0
2021-03-22,19.02,19.38,19.02,19.27,17.5584,3182300,0.0000,1.0
2021-03-19,18.95,19.27,18.82,19.22,17.5129,3282100,0.0000,1.0
2021-03-18,18.98,19.09,18.73,18.84,17.1666,2472900,0.0000,1.0
2021-03-17,18.85,19.23,18.73,19.13,17.4309,3184700,0.0000,1.0
2021-03-16,19.06,19.08,18.75,18.88,17.2031,1860700,0.0000,1.0
2021-03-15,19.2,19.2,18.87,19.07,17.3762,3401900,0.0000,1.0
2021-03-12,19.12,19.23,18.85,19.23,17.522,3408300,0.0000,1.0
2021-03-11,19.2,19.38,18.76,19.27,17.5584,6122400,0.0000,1.0
2021-03-10,19.05,19.2,18.52,19.14,17.44,4898800,0.0000,1.0
2021-03-09,18.71,19.02,18.62,19.02,17.3307,5055800,0.0000,1.0
2021-03-08,19.34,19.38,18.57,18.79,17.1211,5115000,0.0000,1.0
2021-03-05,19.56,19.64,18.93,19.59,17.85,4886600,0.0000,1.0
2021-03-04,19.0,19.71,18.83,19.4,17.6769,4626100,0.0000,1.0
2021-03-03,18.77,19.03,18.2,18.79,17.1211,5960200,0.0000,1.0
2021-03-02,18.86,19.02,18.37,18.91,17.2304,5439500,0.0000,1.0
2021-03-01,19.11,19.39,18.82,19.06,17.3671,5741200,0.0000,1.0
2021-02-26,19.77,19.8,18.92,19.01,17.3215,5636500,0.0000,1.0
2021-02-25,19.71,20.13,19.51,19.71,17.9594,7193200,0.0000,1.0
2021-02-24,20.44,20.5,19.68,19.8,18.0414,4507600,0.0000,1.0
2021-02-23,20.25,20.72,20.13,20.33,18.5243,4795600,0.0000,1.0
2021-02-22,20.13,20.49,20.06,20.25,18.4514,3424900,0.0000,1.0
2021-02-19,20.55,20.92,20.43,20.66,18.825,4212300,0.0000,1.0
2021-02-18,20.4,20.69,20.11,20.6,18.7703,6603800,0.0000,1.0
2021-02-17,20.17,20.22,19.83,20.13,18.3421,3740500,0.0000,1.0
2021-02-12,20.23,20.27,19.98,20.15,18.3603,2132300,0.0000,1.0
2021-02-11,19.55,20.41,19.55,20.28,18.4787,6463400,0.0000,1.0
2021-02-10,19.5,19.7,19.32,19.41,17.686,1987900,0.0000,1.0
2021-02-09,19.57,19.8,19.4,19.49,17.7589,1690400,0.0000,1.0
2021-02-08,19.52,19.87,19.4,19.68,17.932,2446100,0.0000,1.0
2021-02-05,19.47,19.7,19.4,19.52,17.7862,1629000,0.0000,1.0
2021-02-04,19.59,19.81,19.29,19.39,17.6678,2756300,0.0000,1.0
2021-02-03,19.52,19.84,19.48,19.64,17.8956,4419900,0.0000,1.0
2021-02-02,19.66,19.87,19.36,19.48,17.7498,4095500,0.0000,1.0
2021-02-01,19.19,19.54,19.03,19.44,17.7133,2796000,0.0000,1.0
2021-01-29,19.37,19.5,19.01,19.04,17.3489,2799900,0.0000,1.0
2021-01-28,19.24,19.63,19.14,19.48,17.7498,2778400,0.0000,1.0
2021-01-27,19.2,19.61,19.19,19.28,17.5676,2839900,0.0000,1.0
2021-01-26,19.04,19.63,18.95,19.25,17.5402,4094000,0.0000,1.0
2021-01-22,19.01,19.13,18.88,19.04,17.3489,3125100,0.0000,1.0
2021-01-21,19.62,19.8,19.1,19.15,17.4491,2172900,0.0000,1.0
2021-01-20,19.99,20.18,19.54,19.54,17.8045,4712900,0.0000,1.0
2021-01-19,20.15,20.3,19.78,19.94,18.1689,3097400,0.0000,1.0
2021-01-18,19.54,20.18,19.44,20.0,18.2236,5409200,0.0000,1.0
2021-01-15,20.1,20.45,19.91,20.29,18.4879,12207000,0.0000,1.0
2021-01-14,20.24,20.8,20.01,20.57,18.743,15975400,0.0000,1.0
2021-01-13,21.56,21.93,20.17,20.36,18.5516,25660500,0.0000,1.0
2021-01-12,19.05,20.15,18.87,20.15,18.3603,10703500,0.0000,1.0
2021-01-11,19.39,19.68,18.91,19.0,17.3124,3778200,0.0000,1.0
2021-01-08,18.89,19.63,18.79,19.5,17.768,4738700,0.0000,1.0
2021-01-07,18.96,18.98,18.54,18.81,17.1393,5515900,0.0000,1.0
2021-01-06,19.0,19.17,18.71,18.89,17.2122,3401800,0.0000,1.0
2021-01-05,19.05,19.18,18.8,19.02,17.3307,3946600,0.0000,1.0
2021-01-04,19.43,19.49,19.02,19.15,17.4491,2207000,0.0000,1.0
2020-12-30,19.61,19.76,19.33,19.39,17.6678,3351500,0.0000,1.0
2020-12-29,19.52,19.73,19.4,19.6,17.8591,2394000,0.0000,1.0
2020-12-28,19.28,19.51,19.12,19.47,17.7407,2092000,0.0000,1.0
2020-12-23,19.21,19.29,19.05,19.22,17.5129,2285200,0.0000,1.0
2020-12-22,19.06,19.21,18.98,19.19,17.4856,2355800,0.0000,1.0
2020-12-21,19.22,19.37,18.95,18.97,17.2851,3967700,0.0000,1.0
2020-12-18,19.88,19.91,19.42,19.48,17.7498,2637600,0.0000,1.0
2020-12-17,19.88,19.97,19.63,19.88,18.1143,2304300,0.0000,1.0
2020-12-16,19.77,19.87,19.51,19.8,18.0414,3979800,0.0000,1.0
2020-12-15,19.6,19.9,19.4,19.79,18.0323,3877400,0.0000,1.0
2020-12-14,19.7,19.84,19.45,19.45,17.7225,2630300,0.0000,1.0
2020-12-11,19.1,19.69,19.07,19.58,17.8409,4822500,0.0000,1.0
2020-12-10,19.35,19.36,18.9,19.1,17.4035,6879900,0.0000,1.0
2020-12-09,19.14,19.53,19.06,19.27,17.5584,4858800,0.0000,1.0
2020-12-08,19.08,19.44,19.02,19.25,17.5402,7800200,0.0000,1.0
2020-12-07,19.41,19.66,19.02,19.07,17.3762,6394100,0.0000,1.0
2020-12-04,19.55,19.69,19.31,19.39,17.6678,2522500,0.0000,1.0
2020-12-03,19.51,19.67,19.36,19.44,17.7133,6626300,0.0000,1.0
2020-12-02,19.9,20.06,19.4,19.4,17.6769,6010000,0.0000,1.0
2020-12-01,20.1,20.1,19.55,19.84,18.0778,6874600,0.0000,1.0
2020-11-30,19.42,20.11,19.42,20.11,18.3238,9394600,0.0000,1.0
2020-11-27,19.45,19.65,19.37,19.41,17.686,3155600,0.0000,1.0
2020-11-26,19.04,19.51,18.96,19.47,17.7407,4682200,0.0000,1.0
2020-11-25,19.25,19.48,18.94,19.05,17.358,7326500,0.0000,1.0
2020-11-24,19.42,19.44,19.03,19.2,17.4947,13400100,0.0000,1.0
2020-11-23,19.87,20.12,18.95,19.3,17.5858,24269000,0.0000,1.0
2020-11-20,20.06,20.65,19.81,20.39,18.579,5464500,0.0000,1.0
2020-11-19,20.0,20.36,19.82,20.29,18.4879,5567200,0.0000,1.0
2020-11-18,19.9,20.05,19.74,20.0,18.2236,4941100,0.0000,1.0
2020-11-17,19.67,20.0,19.57,19.89,18.1234,3292100,0.0000,1.0
2020-11-16,19.55,19.83,19.26,19.78,18.0232,6376200,0.0000,1.0
2020-11-13,19.1,19.47,18.91,19.41,17.686,5663000,0.0000,1.0
2020-11-12,19.3,19.38,18.76,19.01,17.3215,4889500,0.0000,1.0
2020-11-11,19.93,20.13,19.02,19.2,17.4947,9626300,0.0000,1.0
2020-11-10,19.98,19.98,19.31,19.64,17.8956,5636700,0.0000,1.0
2020-11-09,20.44,20.48,19.77,19.93,18.1598,6498500,0.0000,1.0
2020-11-06,19.25,19.99,19.1,19.84,18.0778,5102400,0.0000,1.0
2020-11-05,19.29,19.37,18.82,19.37,17.6496,4483600,0.0000,1.0
2020-11-04,18.83,19.05,18.54,19.05,17.358,3969600,0.0000,1.0
2020-11-03,18.66,18.74,18.25,18.73,17.0664,8503500,0.0000,1.0
2020-10-30,19.17,19.18,18.17,18.45,16.8113,18253300,0.0000,1.0
2020-10-29,19.58,19.76,19.02,19.2,17.4947,11488700,0.0000,1.0
2020-10-28,20.28,20.44,19.4,19.7,17.9503,11753300,0.0000,1.0
2020-10-27,20.27,20.47,20.13,20.13,18.3421,3424700,0.0000,1.0
2020-10-26,20.08,20.43,20.02,20.25,18.4514,6102900,0.0000,1.0
2020-10-23,20.35,20.38,20.07,20.15,18.3603,3652700,0.0000,1.0
2020-10-22,20.53,20.61,20.32,20.45,18.6336,2403600,0.0000,1.0
2020-10-21,20.64,20.7,20.4,20.5,18.6792,8893400,0.0000,1.0
2020-10-20,20.45,20.7,20.18,20.7,18.8614,2589000,0.0000,1.0
2020-10-19,20.78,20.93,20.11,20.39,18.579,4143700,0.0000,1.0
2020-10-16,20.67,20.91,20.47,20.74,18.8979,3102500,0.0000,1.0
2020-10-15,20.81,20.81,20.51,20.7,18.8614,2488400,0.0000,1.0
2020-10-14,20.95,21.04,20.71,20.98,19.1166,2624600,0.0000,1.0
2020-10-13,20.87,20.94,20.48,20.89,19.0346,3676000,0.0000,1.0
2020-10-09,20.9,21.33,20.58,20.87,19.0163,8164500,0.0000,1.0
2020-10-08,20.5,20.92,20.41,20.86,19.0072,5481200,0.0000,1.0
2020-10-07,20.6,20.82,20.24,20.49,18.6701,3213500,0.0000,1.0
2020-10-06,20.64,20.79,20.39,20.64,18.8068,5289700,0.0000,1.0
2020-10-05,20.38,20.6,20.08,20.52,18.6974,2751300,0.0000,1.0
2020-10-02,20.6,20.8,20.11,20.36,18.5516,3619200,0.0000,1.0
2020-10-01,20.46,20.75,19.97,20.72,18.8797,4392200,0.0000,1.0
2020-09-30,20.16,20.55,19.97,20.49,18.6701,6760100,0.0000,1.0
2020-09-29,20.16,20.38,19.86,20.06,18.2783,5359100,0.0000,1.0
2020-09-28,21.13,21.13,19.99,20.23,18.4332,4130800,0.0000,1.0
2020-09-25,20.88,21.15,20.58,20.89,19.0346,3471500,0.0000,1.0
2020-09-24,20.59,21.3,20.46,21.07,19.1986,5322200,0.0000,1.0
2020-09-23,21.15,21.29,20.42,20.5,18.6792,7536800,0.0000,1.0
2020-09-22,20.94,21.79,20.94,21.33,19.4355,10304300,0.0000,1.0
2020-09-21,20.87,21.3,20.64,21.02,19.153,5149600,0.0000,1.0
2020-09-18,21.37,21.43,20.9,21.18,19.2988,4567500,0.0000,1.0
2020-09-17,20.88,21.53,20.8,21.48,19.5722,5045200,0.0000,1.0
2020-09-16,20.95,21.17,20.74,21.05,19.1803,2501400,0.0000,1.0
2020-09-15,20.67,21.06,20.44,20.92,19.0619,3569800,0.0000,1.0
2020-09-14,20.56,20.74,20.4,20.58,18.7521,2675900,0.0000,1.0
2020-09-11,20.43,20.61,19.95,20.48,18.661,5097300,0.0000,1.0
2020-09-10,21.42,21.9,20.3,20.55,18.7248,9640200,0.0000,1.0
2020-09-09,20.87,21.17,20.72,20.87,19.0163,5978900,0.0000,1.0
2020-09-08,20.39,20.98,20.31,20.77,18.9252,5236100,0.0000,1.0
2020-09-04,20.87,20.87,20.37,20.62,18.7885,6449100,0.0000,1.0
2020-09-03,20.5,21.23,20.46,20.75,18.907,13594500,0.0000,1.0
2020-09-02,20.5,20.75,20.19,20.52,18.6974,10557800,0.0000,1.0
2020-09-01,19.63,20.2,19.54,20.2,18.4058,10384200,0.0000,1.0
2020-08-31,19.62,19.75,19.4,19.55,17.8136,7491700,0.0000,1.0
2020-08-28,19.4,19.77,19.27,19.77,18.014,5842200,0.0000,1.0
2020-08-27,19.26,19.47,18.94,19.4,17.6769,5963000,0.0000,1.0
2020-08-26,19.65,19.7,18.97,19.2,17.4947,8400600,0.0000,1.0
2020-08-25,19.36,19.8,19.31,19.8,18.0414,7046300,0.0000,1.0
2020-08-24,19.31,19.42,19.0,19.36,17.6405,5583700,0.0000,1.0
2020-08-21,19.7,19.78,19.36,19.39,17.6678,5272100,0.2428,1.0
2020-08-20,19.2,19.86,19.02,19.86,17.8748,4994000,0.0000,1.0
2020-08-19,20.1,20.1,19.6,19.65,17.6858,4096400,0.0000,1.0
2020-08-18,19.83,20.09,19.42,20.07,18.0638,7721500,0.0000,1.0
2020-08-17,20.2,20.23,19.29,19.7,17.7308,5602800,0.0000,1.0
2020-08-14,19.87,20.19,19.68,20.19,18.1718,2725300,0.0000,1.0
2020-08-13,20.4,20.58,19.77,19.77,17.7938,4107200,0.0000,1.0
2020-08-12,20.87,20.88,19.86,20.32,18.2888,7392500,0.0000,1.0
2020-08-11,21.32,21.38,20.48,20.85,18.7659,7200200,0.0000,1.0
2020-08-10,21.29,21.44,20.66,21.3,19.1709,5071100,0.0000,1.0
2020-08-07,21.12,21.53,20.92,21.25,19.1259,10727800,0.0000,1.0
2020-08-06,21.4,21.46,20.84,21.3,19.1709,27948500,0.0000,1.0
2020-08-05,21.77,22.2,21.23,21.4,19.2609,14609100,0.0000,1.0
2020-08-04,21.82,21.98,21.24,21.6,19.4409,6220800,0.0000,1.0
2020-08-03,22.47,22.6,21.74,21.92,19.7289,7490700,0.0000,1.0
2020-07-31,22.74,22.77,22.29,22.44,20.1969,7060800,0.0000,1.0
2020-07-30,22.0,22.84,21.97,22.65,20.3859,4362600,0.0000,1.0
2020-07-29,22.63,22.79,22.18,22.31,20.0799,5677300,0.0000,1.0
2020-07-28,23.04,23.4,22.23,22.5,20.2509,25482900,0.0000,1.0
2020-07-27,20.84,21.48,20.73,21.36,19.2249,3798500,0.0000,1.0
2020-07-24,20.4,20.84,20.25,20.63,18.5678,3232800,0.0000,1.0
2020-07-23,20.8,21.0,20.3,20.5,18.4508,3589300,0.0000,1.0
2020-07-22,20.9,21.02,20.4,20.85,18.7659,4329300,0.0000,1.0
2020-07-21,20.4,20.9,20.26,20.9,18.8109,3299000,0.0000,1.0
2020-07-20,20.17,20.42,19.92,20.33,18.2978,4422000,0.0000,1.0
2020-07-17,19.66,20.34,19.58,20.22,18.1988,3969500,0.0000,1.0
2020-07-16,19.65,19.75,19.22,19.44,17.4968,5917100,0.0000,1.0
2020-07-15,19.99,20.01,19.63,19.67,17.7038,3912700,0.0000,1.0
2020-07-14,19.77,20.0,19.71,19.89,17.9018,2758300,0.0000,1.0
2020-07-13,20.27,20.27,19.77,19.85,17.8658,3118700,0.0000,1.0
2020-07-10,20.2,20.27,19.76,20.2,18.1808,2968200,0.0000,1.0
2020-07-09,20.75,20.94,20.04,20.15,18.1358,6672400,0.0000,1.0
2020-07-08,20.06,20.7,20.02,20.7,18.6308,3757800,0.0000,1.0
2020-07-07,20.04,20.32,19.71,19.9,17.9108,4160000,0.0000,1.0
2020-07-06,20.54,20.54,20.06,20.06,18.0548,4892200,0.0000,1.0
2020-07-03,19.97,20.33,19.91,20.2,18.1808,2500100,0.0000,1.0
2020-07-02,20.54,20.55,19.78,20.12,18.1088,6533100,0.0000,1.0
2020-07-01,19.77,20.59,19.73,19.94,17.9468,5103800,0.0000,1.0
2020-06-30,19.75,20.1,19.62,19.75,17.7758,3393200,0.0000,1.0
2020-06-29,19.61,20.03,19.49,19.84,17.8568,4764500,0.0000,1.0
2020-06-26,20.17,20.3,19.37,19.5,17.5508,2865800,0.0000,1.0
2020-06-25,19.55,20.32,19.45,20.0,18.0008,3869300,0.0000,1.0
2020-06-24,19.64,19.84,19.37,19.63,17.6678,3308100,0.0000,1.0
2020-06-23,19.56,19.73,19.29,19.73,17.7578,4223900,0.0000,1.0
2020-06-22,19.99,19.99,19.26,19.4,17.4608,4146900,0.0000,1.0
2020-06-19,19.3,19.87,19.22,19.81,17.8298,8652400,0.0000,1.0
2020-06-18,18.95,19.34,18.8,19.16,17.2448,4185900,0.0000,1.0
2020-06-17,19.33,19.42,18.71,19.04,17.1368,4936600,0.0000,1.0
2020-06-16,18.65,19.29,18.58,19.0,17.1008,6538800,0.0000,1.0
2020-06-15,18.3,18.67,18.08,18.3,16.4707,6463600,0.0000,1.0
2020-06-12,17.69,18.53,17.5,18.5,16.6508,11096900,0.0000,1.0
2020-06-10,18.59,18.59,17.98,18.01,16.2097,3793800,0.0000,1.0
2020-06-09,18.14,18.88,18.05,18.37,16.5337,4341400,0.0000,1.0
2020-06-08,18.34,18.48,17.81,18.4,16.5608,5529900,0.0000,1.0
2020-06-05,18.9,18.97,18.25,18.25,16.4257,5730300,0.0000,1.0
2020-06-04,18.86,19.02,18.5,18.5,16.6508,4935500,0.0000,1.0
2020-06-03,18.85,19.2,18.52,18.85,16.9658,8719900,0.0000,1.0
2020-06-02,18.48,18.86,18.31,18.7,16.8308,6836600,0.0000,1.0
2020-06-01,18.41,18.6,18.17,18.4,16.5608,6535800,0.0000,1.0
2020-05-29,17.74,18.49,17.61,18.49,16.6418,12878700,0.0000,1.0
2020-05-28,18.4,18.73,17.91,17.98,16.1827,8414300,0.0000,1.0
2020-05-27,17.89,18.47,17.6,18.47,16.6238,6409100,0.0000,1.0
2020-05-26,18.2,18.29,17.41,17.79,16.0117,6790300,0.0000,1.0
2020-05-25,18.0,18.1,17.6,17.99,16.1917,3819100,0.0000,1.0
2020-05-22,17.65,18.33,17.51,17.61,15.8497,4516800,0.0000,1.0
2020-05-21,17.51,17.94,17.34,17.8,16.0207,7365200,0.0060,1.0
2020-05-20,17.23,17.58,17.1,17.4,15.6553,11072400,0.0000,1.0
2020-05-19,17.18,17.22,16.74,17.13,15.4123,29698700,0.0000,1.0
2020-05-18,17.83,17.85,16.85,17.18,15.4573,52632800,0.0000,1.0
2020-05-15,17.81,17.94,17.25,17.38,15.6373,3042200,0.0000,1.0
2020-05-14,18.04,18.04,17.23,17.9,16.1051,4331100,0.0000,1.0
2020-05-13,18.5,18.6,17.9,18.12,16.3031,3035900,0.0000,1.0
2020-05-12,19.38,19.42,18.26,18.54,16.681,4753400,0.0000,1.0
2020-05-11,19.75,19.88,19.31,19.38,17.4367,2206900,0.0000,1.0
2020-05-08,19.95,19.95,19.43,19.75,17.7696,2795800,0.0000,1.0
2020-05-07,19.91,20.22,19.29,19.62,17.6527,6992500,0.0000,1.0
2020-05-06,19.85,19.99,19.6,19.88,17.8866,3860600,0.0000,1.0
2020-05-05,20.18,20.37,19.59,19.86,17.8686,4796400,0.0000,1.0
2020-05-04,19.46,20.17,19.16,20.04,18.0305,4735300,0.0000,1.0
2020-04-30,19.9,20.25,19.77,20.0,17.9946,4253600,0.0000,1.0
2020-04-29,20.05,20.22,19.55,20.2,18.1745,4140100,0.0000,1.0
2020-04-28,20.62,20.86,19.61,19.82,17.8326,6280300,0.0000,1.0
2020-04-27,20.49,20.55,19.96,20.13,18.1115,3993500,0.0000,1.0
2020-04-24,20.15,20.48,18.81,19.99,17.9856,5390900,0.0000,1.0
2020-04-23,21.04,21.3,20.45,20.6,18.5344,4516200,0.0000,1.0
2020-04-22,20.17,21.02,20.1,20.95,18.8493,4709800,0.0000,1.0
2020-04-20,19.86,20.69,19.81,20.09,18.0755,3391200,0.0000,1.0
2020-04-17,20.75,20.82,20.09,20.4,18.3544,2584800,0.0000,1.0
2020-04-16,20.29,20.53,19.7,20.53,18.4714,3249100,0.0000,1.0
2020-04-15,19.99,20.18,19.83,19.92,17.9226,4462000,0.0000,1.0
2020-04-14,20.99,21.36,20.27,20.31,18.2735,2443100,0.0000,1.0
2020-04-13,20.0,20.7,19.7,20.7,18.6244,2735000,0.0000,1.0
2020-04-09,20.94,21.08,19.98,20.0,17.9946,4724600,0.0000,1.0
2020-04-08,20.87,21.2,20.38,20.85,18.7593,3593100,0.0000,1.0
2020-04-07,22.08,22.2,20.86,20.86,18.7683,5346200,0.0000,1.0
2020-04-06,21.6,21.9,20.83,21.27,19.1372,3451100,0.0000,1.0
2020-04-03,21.6,21.85,19.87,21.18,19.0562,3225900,0.0000,1.0
2020-04-02,19.8,21.47,19.72,21.47,19.3172,4532500,0.0000,1.0
2020-04-01,20.22,20.24,19.13,19.72,17.7426,4593500,0.0000,1.0
2020-03-31,21.49,21.58,20.22,20.63,18.5614,4515900,0.0000,1.0
2020-03-30,21.0,21.82,20.63,21.58,19.4161,3836200,0.0000,1.0
2020-03-27,20.62,22.59,20.46,21.25,19.1192,6226400,0.0000,1.0
2020-03-26,21.0,21.6,20.03,21.6,19.4341,5674900,0.0000,1.0
2020-03-25,21.7,22.2,20.5,20.85,18.7593,7133700,0.0000,1.0
2020-03-24,23.55,23.81,21.56,21.8,19.6141,4910000,0.0000,1.0
2020-03-23,23.0,23.86,20.71,22.42,20.1719,7550600,0.0000,1.0
2020-03-20,22.69,23.96,19.94,22.8,20.5138,9097300,0.0000,1.0
2020-03-19,20.0,22.57,18.66,21.75,19.5691,8226200,0.0000,1.0
2020-03-18,18.27,20.88,16.95,20.19,18.1655,8369900,0.0000,1.0
2020-03-17,17.83,20.7,17.46,19.8,17.8146,9936200,0.0000,1.0
2020-03-16,17.9,18.3,17.26,17.6,15.8352,5492100,0.0000,1.0
2020-03-13,19.1,19.54,17.26,19.32,17.3827,9383700,0.0000,1.0
2020-03-12,18.84,18.84,17.07,18.0,16.1951,4594700,0.0000,1.0
2020-03-11,20.5,21.53,18.46,20.44,18.3904,7290700,0.0000,1.0
2020-03-10,20.76,21.94,20.16,21.15,19.0292,8060300,0.0000,1.0
2020-03-09,20.45,20.58,19.67,20.24,18.2105,7890800,0.0000,1.0
2020-03-06,20.36,21.44,20.2,21.32,19.1822,3907000,0.0000,1.0
2020-03-05,22.2,22.22,20.95,21.28,19.1462,3140200,0.0000,1.0
2020-03-04,22.21,22.97,22.01,22.3,20.0639,4278100,0.0000,1.0
2020-03-03,21.1,22.49,21.07,21.9,19.704,4910000,0.0000,1.0
2020-03-02,20.44,21.52,20.29,21.5,19.3441,3266500,0.0000,1.0
2020-02-28,19.61,20.69,19.2,20.69,18.6154,4991100,0.0000,1.0
2020-02-27,20.21,20.72,19.61,19.61,17.6437,4305500,0.0000,1.0
2020-02-26,20.16,21.11,20.14,20.45,18.3994,3142900,0.0000,1.0
2020-02-21,21.41,21.68,21.1,21.5,19.3441,4507300,0.0000,1.0
2020-02-20,21.8,21.8,21.17,21.47,19.3172,2063200,0.0000,1.0
2020-02-19,21.85,22.18,21.65,21.8,19.6141,2757600,0.0000,1.0
2020-02-18,22.33,22.33,21.79,22.04,19.83,2351800,0.0000,1.0
2020-02-17,23.0,23.0,22.24,22.4,20.1539,4059500,0.0000,1.0
2020-02-14,21.8,22.15,21.58,21.65,19.4791,1938100,0.0000,1.0
2020-02-13,22.0,22.52,21.96,22.02,19.812,1554600,0.0000,1.0
2020-02-12,22.15,22.6,21.95,22.14,19.92,2624000,0.0000,1.0
2020-02-11,22.24,22.44,21.73,22.05,19.839,2031800,0.0000,1.0
2020-02-10,22.63,22.79,22.07,22.15,19.929,1698200,0.0000,1.0
2020-02-07,22.35,23.18,22.27,22.54,20.2799,4391700,0.0000,1.0
2020-02-06,23.23,23.23,22.03,22.62,20.3518,3123300,0.0000,1.0
2020-02-05,23.46,23.52,22.68,22.94,20.6398,2647600,0.0000,1.0
2020-02-04,22.95,23.29,22.48,23.08,20.7657,4072800,0.0000,1.0
2020-02-03,22.7,23.02,22.54,22.55,20.2889,3268400,0.0000,1.0
2020-01-31,22.8,23.06,22.18,22.59,20.3249,3873700,0.0000,1.0
2020-01-30,23.35,23.4,22.73,23.12,20.8017,3778300,0.0000,1.0
2020-01-29,23.4,23.66,23.12,23.6,21.2336,2270300,0.0000,1.0
2020-01-28,22.7,23.39,22.69,23.39,21.0446,2065600,0.0000,1.0
2020-01-27,23.17,23.4,22.34,22.66,20.3878,1734900,0.0000,1.0
2020-01-24,23.74,23.94,23.31,23.66,21.2876,2980400,0.0000,1.0
2020-01-23,23.91,24.31,23.45,23.75,21.3685,6101900,0.0000,1.0
2020-01-22,23.06,23.28,22.93,23.28,20.9457,1859000,0.0000,1.0
2020-01-21,23.57,23.69,22.97,22.97,20.6667,1847800,0.0000,1.0
2020-01-20,23.45,23.56,23.35,23.54,21.1796,840400,0.0000,1.0
2020-01-17,23.45,23.59,23.16,23.39,21.0446,3132900,0.0000,1.0
2020-01-16,22.9,23.47,22.71,23.44,21.0896,2822000,0.0000,1.0
2020-01-15,23.3,23.31,22.85,22.85,20.5588,2928900,0.0000,1.0
2020-01-14,23.45,23.63,23.02,23.4,21.0536,3256800,0.0000,1.0
2020-01-13,23.66,24.19,23.43,23.43,21.0806,5034400,0.0000,1.0
2020-01-10,23.62,23.84,23.29,23.64,21.2696,1996200,0.0000,1.0
2020-01-09,22.95,23.51,22.84,23.4,21.0536,3307700,0.0000,1.0
2020-01-08,23.28,23.34,22.86,22.9,20.6038,3991600,0.0000,1.0
2020-01-07,23.36,23.79,23.13,23.34,20.9996,4585300,0.0000,1.0
2020-01-06,24.24,24.51,23.39,23.48,21.1256,3797200,0.0000,1.0
2020-01-03,23.82,24.77,23.61,24.55,22.0883,15378900,0.0000,1.0
2020-01-02,23.43,23.95,23.13,23.93,21.5305,3206400,0.0000,1.0
2019-12-30,23.34,23.64,23.06,23.35,21.0086,2800700,0.0000,1.0
2019-12-27,23.44,23.45,22.7,23.3,20.9637,2814400,0.0000,1.0
2019-12-26,23.12,23.5,23.01,23.35,21.0086,2507100,0.0000,1.0
2019-12-23,22.91,23.23,22.67,23.23,20.9007,2121200,0.0000,1.0
2019-12-20,22.49,23.02,22.2,23.0,20.6937,4475700,0.0000,1.0
2019-12-19,22.05,22.52,21.76,22.33,20.0909,3254000,0.0000,1.0
2019-12-18,21.55,22.54,21.11,22.31,20.0729,6732100,0.0000,1.0
2019-12-17,21.16,21.5,20.83,21.47,19.3172,4659000,0.0000,1.0
2019-12-16,20.84,21.19,20.71,21.02,18.9123,2816500,0.0000,1.0
2019-12-13,21.15,21.25,20.58,20.8,18.7143,2324100,0.0000,1.0
2019-12-12,20.2,21.37,20.07,20.98,18.8763,4387300,0.0000,1.0
2019-12-11,19.49,20.07,19.36,20.07,18.0575,2986700,0.0000,1.0
2019-12-10,19.65,19.7,19.39,19.53,17.5717,1974000,0.0000,1.0
2019-12-09,19.7,20.08,19.5,19.64,17.6707,3316300,0.0000,1.0
2019-12-06,19.01,19.89,18.93,19.73,17.7516,4358700,0.0000,1.0
2019-12-05,18.92,19.15,18.76,19.09,17.1758,2137600,0.0000,1.0
2019-12-04,19.12,19.29,18.76,18.97,17.0678,2293300,0.0000,1.0
2019-12-03,18.73,19.08,18.33,18.99,17.0858,4329400,0.0000,1.0
2019-12-02,18.85,18.87,18.54,18.8,16.9149,2478400,0.0000,1.0
2019-11-29,18.85,18.93,18.59,18.81,16.9239,2800100,0.0000,1.0
2019-11-28,18.47,19.1,18.4,18.71,16.8339,3783200,0.0000,1.0
2019-11-27,18.53,18.78,18.41,18.43,16.582,1632000,0.0000,1.0
2019-11-26,18.9,18.92,18.48,18.51,16.654,3407500,0.0000,1.0
2019-11-25,18.7,18.96,18.48,18.89,16.9959,2091200,0.0000,1.0
2019-11-22,18.93,19.07,18.52,18.71,16.8339,2168400,0.0000,1.0
2019-11-21,18.51,18.94,18.27,18.86,16.9689,2322100,0.0000,1.0
2019-11-19,18.9,19.0,18.42,18.42,16.573,2195700,0.0000,1.0
2019-11-18,18.45,18.92,18.27,18.79,16.9059,2624500,0.0000,1.0
2019-11-14,18.03,18.36,17.92,18.17,16.3481,5601300,0.0000,1.0
2019-11-13,18.23,18.42,17.98,18.02,16.2131,5251900,0.0000,1.0
2019-11-12,18.8,18.8,18.21,18.4,16.555,3616300,0.0000,1.0
2019-11-11,18.71,18.81,18.41,18.8,16.9149,1959800,0.0000,1.0
2019-11-08,19.01,19.21,18.68,18.87,16.9779,3468100,0.0000,1.0
2019-11-07,19.24,19.25,18.92,19.17,17.2478,3171800,0.0000,1.0
2019-11-06,19.27,19.29,19.04,19.08,17.1668,2070500,0.0000,1.0
2019-11-05,19.49,19.53,19.06,19.26,17.3288,1481600,0.0000,1.0
2019-11-04,19.5,19.6,19.3,19.49,17.5357,1098400,0.0000,1.0
2019-11-01,19.17,19.65,19.03,19.52,17.5627,2331800,0.0000,1.0
2019-10-31,19.23,19.37,18.96,19.11,17.1938,1586000,0.0000,1.0
2019-10-30,19.11,19.29,19.03,19.2,17.2748,1727000,0.0000,1.0
2019-10-29,19.55,19.55,19.12,19.16,17.2388,1503900,0.0000,1.0
2019-10-28,19.64,19.69,19.31,19.49,17.5357,1040700,0.0000,1.0
2019-10-25,19.6,19.75,19.29,19.7,17.7246,2044800,0.0000,1.0
2019-10-24,19.3,19.74,18.81,19.56,17.5987,5860900,0.0000,1.0
2019-10-23,19.65,19.65,19.12,19.22,17.2928,3221200,0.0000,1.0
2019-10-22,20.0,20.07,19.47,19.58,17.6167,9174000,0.0000,1.0
2019-10-21,19.52,20.06,19.4,19.91,17.9136,2725200,0.0000,1.0
2019-10-18,19.65,19.69,19.37,19.69,17.7156,1465200,0.0000,1.0
2019-10-17,19.45,19.68,19.33,19.54,17.5807,3489800,0.0000,1.0
2019-10-16,19.42,19.47,19.11,19.47,17.5177,2470000,0.0000,1.0
2019-10-15,19.32,19.56,19.16,19.4,17.4547,2920800,0.0000,1.0
2019-10-14,19.14,19.36,19.08,19.32,17.3827,2749600,0.0000,1.0
2019-10-11,19.0,19.47,18.86,19.37,17.4277,4879200,0.0000,1.0
2019-10-10,19.27,19.38,18.85,18.9,17.0049,5223800,0.0000,1.0
2019-10-09,19.38,19.5,19.08,19.21,17.2838,1758100,0.0000,1.0
2019-10-08,19.97,19.97,19.03,19.19,17.2658,8813700,0.0000,1.0
2019-10-07,20.54,20.54,19.62,19.98,17.9766,5758800,0.0000,1.0
2019-10-04,20.37,20.61,20.14,20.47,18.4174,2948000,0.0000,1.0
2019-10-03,20.42,20.51,19.99,20.2,18.1745,2184100,0.0000,1.0
2019-10-02,20.64,20.8,20.28,20.4,18.3544,2369200,0.0000,1.0
2019-10-01,21.08,21.18,20.64,20.64,18.5704,1893600,0.0000,1.0
2019-09-30,21.21,21.45,21.05,21.05,18.9393,4737300,0.0000,1.0
2019-09-27,21.41,21.6,21.11,21.25,19.1192,2098600,0.0000,1.0
2019-09-26,21.26,21.55,21.14,21.43,19.2812,1485900,0.0000,1.0
2019-09-25,21.12,21.2,20.81,21.2,19.0742,2249300,0.0000,1.0
2019-09-24,21.44,21.55,20.95,21.27,19.1372,7015800,0.0000,1.0
2019-09-23,22.25,22.25,21.39,21.39,19.2452,1798800,0.0000,1.0
2019-09-20,22.08,22.32,21.78,22.2,19.974,3496700,0.0000,1.0
2019-09-19,21.95,22.4,21.8,22.04,19.83,3348400,0.0000,1.0
2019-09-18,21.8,21.94,21.51,21.78,19.5961,2649300,0.0000,1.0
2019-09-17,21.17,21.85,21.08,21.85,19.6591,5713000,0.0000,1.0
2019-09-16,21.26,21.37,21.0,21.14,19.0202,3247700,0.0000,1.0
2019-09-13,21.59,21.7,21.11,21.11,18.9933,1217000,0.0000,1.0
2019-09-12,22.05,22.24,21.38,21.53,19.3711,2336800,0.0000,1.0
2019-09-11,21.2,21.94,20.94,21.8,19.6141,4053100,0.0000,1.0
2019-09-10,20.7,21.15,20.53,21.1,18.9843,3879600,0.0000,1.0
2019-09-09,21.64,21.82,20.74,20.74,18.6604,2515700,0.0000,1.0
2019-09-06,22.05,22.08,21.47,21.55,19.3891,1792600,0.0000,1.0
2019-09-05,22.27,22.42,21.79,21.86,19.6681,2016600,0.0000,1.0
2019-09-04,22.33,22.44,21.76,22.1,19.884,3304000,0.0000,1.0
2019-09-03,22.29,22.59,22.0,22.14,19.92,1113500,0.0000,1.0
2019-09-02,22.52,22.81,22.14,22.25,20.0189,1032600,0.0000,1.0
2019-08-30,22.47,22.59,22.19,22.3,20.0639,1903300,0.0000,1.0
2019-08-29,21.79,22.42,21.61,22.42,20.1719,1286200,0.0000,1.0
2019-08-28,21.7,21.78,21.32,21.75,19.5691,1001300,0.0000,1.0
2019-08-27,21.5,21.69,21.12,21.69,19.5151,3200200,0.0000,1.0
2019-08-26,21.8,21.91,21.15,21.31,19.1732,1300700,0.0000,1.0
2019-08-23,22.02,22.27,21.6,21.7,19.5241,1476700,0.0000,1.0
2019-08-22,22.94,22.98,22.11,22.28,20.0459,1164000,0.0000,1.0
2019-08-21,23.12,23.3,22.76,23.07,20.7567,2017200,0.2369,1.0
2019-08-20,22.57,23.25,22.16,22.97,20.4536,3148400,0.0000,1.0
2019-08-19,22.55,22.85,22.43,22.57,20.0974,1469600,0.0000,1.0
2019-08-16,22.33,22.69,21.73,22.55,20.0796,5891900,0.0000,1.0
2019-08-15,22.97,22.97,22.04,22.45,19.9906,3150700,0.0000,1.0
2019-08-14,23.17,23.18,22.57,22.64,20.1598,1495100,0.0000,1.0
2019-08-13,22.9,23.33,22.82,23.2,20.6584,2855000,0.0000,1.0
2019-08-12,23.0,23.25,22.89,22.92,20.4091,916100,0.0000,1.0
2019-08-09,23.22,23.43,22.98,23.32,20.7653,2123400,0.0000,1.0
2019-08-08,23.14,23.37,23.03,23.06,20.5338,2281900,0.0000,1.0
2019-08-07,22.99,23.5,22.87,23.14,20.605,1432000,0.0000,1.0
2019-08-06,23.13,23.43,22.83,23.0,20.4803,1628200,0.0000,1.0
2019-08-05,23.24,23.46,23.0,23.1,20.5694,1573100,0.0000,1.0
2019-08-02,23.07,23.4,22.76,23.4,20.8365,2430200,0.0000,1.0
2019-08-01,23.33,23.54,22.95,23.07,20.5427,2759600,0.0000,1.0
2019-07-31,23.2,23.55,23.0,23.41,20.8454,2155500,0.0000,1.0
2019-07-30,22.93,23.51,22.72,23.33,20.7742,1323400,0.0000,1.0
2019-07-29,22.89,22.99,22.23,22.93,20.418,2067300,0.0000,1.0
2019-07-26,23.29,23.36,22.85,22.85,20.3468,1500600,0.0000,1.0
2019-07-25,23.4,24.12,22.92,23.1,20.5694,3219700,0.0000,1.0
2019-07-24,23.35,23.5,23.09,23.5,20.9256,1984300,0.0000,1.0
2019-07-23,22.95,23.21,22.73,23.21,20.6673,1521200,0.0000,1.0
2019-07-22,23.28,23.31,22.69,22.99,20.4714,1662100,0.0000,1.0
2019-07-19,23.36,23.49,22.92,23.1,20.5694,1543500,0.0000,1.0
2019-07-18,23.27,23.36,22.91,23.3,20.7475,1731400,0.0000,1.0
2019-07-17,22.81,23.12,22.81,23.02,20.4981,1996000,0.0000,1.0
2019-07-16,23.44,23.44,22.94,22.94,20.4269,1403600,0.0000,1.0
2019-07-15,23.12,23.61,22.85,23.25,20.7029,1871900,0.0000,1.0
2019-07-12,23.52,23.77,23.05,23.12,20.5872,1672100,0.0000,1.0
2019-07-11,23.59,23.59,23.15,23.47,20.8988,2483300,0.0000,1.0
2019-07-10,22.91,23.54,22.86,23.49,20.9166,4411600,0.0000,1.0
2019-07-08,22.97,22.97,22.41,22.66,20.1776,1726100,0.0000,1.0
2019-07-05,22.92,23.0,22.4,22.64,20.1598,1690600,0.0000,1.0
2019-07-04,21.92,23.1,21.92,22.92,20.4091,3555200,0.0000,1.0
2019-07-03,21.33,21.94,21.18,21.94,19.5364,1666600,0.0000,1.0
2019-07-02,21.64,21.68,21.01,21.35,19.0111,3121900,0.0000,1.0
2019-07-01,22.36,22.45,21.34,21.52,19.1625,2157900,0.0000,1.0
2019-06-28,21.85,22.08,21.69,22.0,19.5899,3001100,0.0000,1.0
2019-06-27,21.55,21.93,21.2,21.7,19.3227,3353300,0.0000,1.0
2019-06-26,22.05,22.06,21.46,21.65,19.2782,1197700,0.0000,1.0
2019-06-25,21.97,22.09,21.61,21.81,19.4207,3788800,0.0000,1.0
2019-06-24,21.9,22.25,21.83,22.1,19.6789,6973000,0.0000,1.0
2019-06-21,22.59,22.64,21.87,21.95,19.5454,7560600,0.0000,1.0
2019-06-19,22.8,22.81,22.22,22.59,20.1152,1484300,0.0000,1.0
2019-06-18,22.4,22.71,22.27,22.71,20.2221,2191400,0.0000,1.0
2019-06-17,22.56,22.65,22.31,22.31,19.8659,1057400,0.0000,1.0
2019-06-14,22.65,22.73,22.34,22.5,20.0351,1486400,0.0000,1.0
2019-06-13,22.6,23.04,22.59,22.8,20.3022,1526100,0.0000,1.0
2019-06-12,22.74,23.06,22.45,22.59,20.1152,3252400,0.0000,1.0
2019-06-11,23.2,23.37,22.34,23.12,20.5872,10149400,0.0000,1.0
2019-06-10,23.37,23.56,23.03,23.22,20.6762,1648800,0.0000,1.0
2019-06-07,23.18,23.55,23.04,23.37,20.8098,1298000,0.0000,1.0
2019-06-06,23.45,23.45,22.94,23.03,20.507,6641000,0.0000,1.0
2019-06-05,23.11,23.58,23.04,23.16,20.6228,2531900,0.0000,1.0
2019-06-04,22.88,23.14,22.78,23.0,20.4803,2351900,0.0000,1.0
2019-06-03,23.12,23.35,22.73,22.95,20.4358,3415800,0.0000,1.0
2019-05-31,23.14,23.26,22.81,23.15,20.6139,2372400,0.0000,1.0
2019-05-30,22.39,23.19,22.35,23.18,20.6406,2440300,0.0000,1.0
2019-05-29,22.42,22.82,22.2,22.55,20.0796,2632300,0.0000,1.0
2019-05-28,21.41,22.4,21.3,22.4,19.9461,5447700,0.0000,1.0
2019-05-27,21.3,21.44,20.96,21.25,18.922,837800,0.0000,1.0
2019-05-24,21.34,21.34,20.78,21.05,18.744,2807500,0.0000,1.0
2019-05-23,20.66,21.24,20.52,21.21,18.8864,2476900,0.0000,1.0
2019-05-22,20.5,20.85,20.31,20.85,18.5659,3217300,0.0000,1.0
2019-05-21,20.2,20.57,20.06,20.45,18.2097,1768900,0.0454,1.0
2019-05-20,19.81,20.2,19.71,20.09,17.8487,1234900,0.0000,1.0
2019-05-17,19.91,20.03,19.61,19.85,17.6355,1731700,0.0000,1.0
2019-05-16,20.15,20.25,19.8,19.9,17.6799,2218300,0.0000,1.0
2019-05-15,19.84,20.24,19.76,20.2,17.9464,2215200,0.0000,1.0
2019-05-14,19.65,20.04,19.6,20.04,17.8043,1560900,0.0000,1.0
2019-05-13,19.78,19.86,19.5,19.8,17.5911,2064000,0.0000,1.0
2019-05-10,20.81,20.88,19.89,20.0,17.7688,4167700,0.0000,1.0
2019-05-09,21.15,21.2,20.38,20.56,18.2663,4635800,0.0000,1.0
2019-05-08,20.88,21.32,20.79,21.2,18.8349,6469100,0.0000,1.0
2019-05-07,21.3,21.41,20.78,20.8,18.4795,2517500,0.0000,1.0
2019-05-06,21.26,21.51,21.13,21.24,18.8704,1349300,0.0000,1.0
2019-05-03,21.57,21.69,21.23,21.47,19.0748,1140300,0.0000,1.0
2019-05-02,21.14,21.57,20.98,21.4,19.0126,1724500,0.0000,1.0
2019-04-30,21.21,21.39,21.02,21.2,18.8349,2020400,0.0000,1.0
2019-04-29,21.4,21.4,20.86,21.2,18.8349,1388700,0.0000,1.0
2019-04-26,21.19,21.31,21.0,21.11,18.7549,2936900,0.0000,1.0
2019-04-25,20.72,21.15,20.5,21.06,18.7105,8549000,0.0000,1.0
2019-04-24,21.01,21.37,20.5,20.64,18.3374,4562200,0.0000,1.0
2019-04-23,20.95,21.3,20.95,21.02,18.675,3870900,0.0000,1.0
2019-04-22,20.2,21.04,20.19,20.9,18.5684,2039300,0.0000,1.0
2019-04-18,19.86,20.29,19.85,20.2,17.9464,1985500,0.0000,1.0
2019-04-17,20.13,20.13,19.68,19.9,17.6799,4397500,0.0000,1.0
2019-04-16,19.82,20.24,19.82,20.0,17.7688,1496100,0.0000,1.0
2019-04-15,19.8,20.1,19.79,19.82,17.6088,1584000,0.0000,1.0
2019-04-12,19.73,20.08,19.5,19.59,17.4045,3089900,0.0000,1.0
2019-04-11,20.03,20.08,19.78,19.85,17.6355,2211600,0.0000,1.0
2019-04-10,19.87,20.61,19.87,20.03,17.7954,6878800,0.0000,1.0
2019-04-09,20.09,20.09,19.76,19.9,17.6799,2131900,0.0000,1.0
2019-04-08,20.04,20.24,19.8,20.15,17.902,2526700,0.0000,1.0
2019-04-05,20.4,20.71,20.0,20.0,17.7688,4768900,0.0000,1.0
2019-04-04,20.2,20.46,19.97,20.24,17.982,3838600,0.0000,1.0
2019-04-03,20.18,20.61,20.13,20.15,17.902,1497900,0.0000,1.0
2019-04-02,20.26,20.28,19.93,20.13,17.8843,2866600,0.0000,1.0
2019-04-01,20.29,20.29,19.93,20.1,17.8576,1675500,0.0000,1.0
2019-03-29,20.15,20.34,19.96,20.09,17.8487,1932600,0.0000,1.0
2019-03-28,19.43,20.14,19.35,20.01,17.7776,2308600,0.0000,1.0
2019-03-27,20.14,20.15,19.5,19.55,17.369,2237000,0.0000,1.0
2019-03-26,19.88,20.34,19.84,20.21,17.9553,1460500,0.0000,1.0
2019-03-25,19.42,20.0,19.42,19.92,17.6977,2043300,0.0000,1.0
2019-03-22,19.59,19.87,19.21,19.63,17.44,2312500,0.0000,1.0
2019-03-21,20.3,20.48,19.71,19.79,17.5822,3518800,0.0000,1.0
2019-03-20,20.5,20.68,20.16,20.35,18.0797,2345000,0.0000,1.0
2019-03-19,20.69,20.88,20.33,20.6,18.3018,2637300,0.0000,1.0
2019-03-18,20.11,20.84,20.09,20.69,18.3818,5428600,0.0000,1.0
2019-03-15,20.0,20.3,19.99,20.2,17.9464,2195300,0.0000,1.0
2019-03-14,20.03,20.18,19.87,20.0,17.7688,1404200,0.0000,1.0
2019-03-13,19.67,20.02,19.58,20.02,17.7865,2922000,0.0000,1.0
2019-03-12,19.72,19.72,19.36,19.61,17.4223,1978700,0.0000,1.0
2019-03-11,19.25,19.72,19.2,19.58,17.3956,2714300,0.0000,1.0
2019-03-08,19.12,19.39,18.69,19.22,17.0758,1772700,0.0000,1.0
2019-03-07,19.3,19.64,19.15,19.19,17.0491,8003500,0.0000,1.0
2019-03-06,19.5,19.76,19.02,19.3,17.1469,2034800,0.0000,1.0
2019-03-01,19.52,19.84,19.07,19.26,17.1113,1878700,0.0000,1.0
2019-02-28,19.75,19.84,19.23,19.52,17.3423,3190600,0.0000,1.0
2019-02-27,20.85,20.85,19.45,19.76,17.5555,4364700,0.0000,1.0
2019-02-26,20.65,20.89,20.54,20.75,18.4351,1605100,0.0000,1.0
2019-02-25,20.43,20.87,20.26,20.65,18.3462,1818400,0.0000,1.0
2019-02-22,20.05,20.46,19.79,20.27,18.0086,1686900,0.0000,1.0
2019-02-21,19.95,20.31,19.74,20.05,17.8132,1860700,0.0000,1.0
2019-02-20,19.9,20.42,19.86,20.0,17.7688,2466500,0.0000,1.0
2019-02-19,19.75,19.91,19.61,19.85,17.6355,1191000,0.0000,1.0
2019-02-18,19.61,19.93,19.42,19.69,17.4933,1263200,0.0000,1.0
2019-02-15,19.62,19.78,19.4,19.75,17.5467,2115100,0.0000,1.0
2019-02-14,19.38,19.76,19.0,19.62,17.4312,1608100,0.0000,1.0
2019-02-13,19.45,19.5,19.23,19.3,17.1469,1295000,0.0000,1.0
2019-02-12,19.3,19.8,18.95,19.44,17.2712,2119700,0.0000,1.0
2019-02-11,19.43,19.48,18.95,19.02,16.8981,1205400,0.0000,1.0
2019-02-08,19.15,19.34,18.87,19.26,17.1113,1871300,0.0000,1.0
2019-02-07,19.17,19.37,19.0,19.13,16.9958,1309800,0.0000,1.0
2019-02-06,19.74,19.74,19.06,19.17,17.0314,2812500,0.0000,1.0
2019-02-05,19.88,19.93,19.64,19.74,17.5378,3949300,0.0000,1.0
2019-02-04,19.98,20.27,19.96,19.97,17.7421,2619300,0.0000,1.0
2019-02-01,20.23,20.3,19.77,19.93,17.7066,3049700,0.0000,1.0
2019-01-31,19.99,20.29,19.83,19.99,17.7599,5913200,0.0000,1.0
2019-01-30,19.92,20.09,19.75,19.85,17.6355,2611400,0.0000,1.0
2019-01-29,20.13,20.2,19.9,19.9,17.6799,892200,0.0000,1.0
2019-01-28,19.79,20.42,19.69,19.97,17.7421,3544500,0.0000,1.0
2019-01-24,19.95,20.14,19.82,20.01,17.7776,2095800,0.0000,1.0
2019-01-23,19.82,19.98,19.55,19.98,17.751,2177300,0.0000,1.0
2019-01-22,20.1,20.16,19.21,19.6,17.4134,3484800,0.0000,1.0
2019-01-21,19.9,20.16,19.68,20.03,17.7954,1315600,0.0000,1.0
2019-01-18,19.94,20.56,19.65,19.8,17.5911,4079300,0.0000,1.0
2019-01-17,19.87,19.96,19.73,19.8,17.5911,3106900,0.0000,1.0
2019-01-16,19.74,20.0,19.64,19.8,17.5911,3111800,0.0000,1.0
2019-01-15,19.57,19.7,19.43,19.7,17.5022,2609300,0.0000,1.0
2019-01-14,19.3,19.64,19.27,19.57,17.3867,2484100,0.0000,1.0
2019-01-11,19.33,19.54,19.2,19.3,17.1469,2187200,0.0000,1.0
2019-01-10,19.03,19.6,19.02,19.28,17.1291,2115500,0.0000,1.0
2019-01-09,18.67,19.38,18.67,19.11,16.9781,3138100,0.0000,1.0
2019-01-08,18.82,19.09,18.61,18.66,16.5783,1858700,0.0000,1.0
2019-01-07,19.19,19.34,18.42,18.85,16.7471,4382700,0.0000,1.0
2019-01-04,19.88,19.88,19.02,19.2,17.058,4096800,0.0000,1.0
2019-01-03,19.15,19.84,18.72,19.76,17.5555,2988600,0.0000,1.0
2019-01-02,17.9,19.1,17.9,18.95,16.8359,4586500,0.0000,1.0
2018-12-28,18.04,18.32,17.99,18.09,16.0718,2186900,0.0000,1.0
2018-12-27,17.5,18.12,17.5,18.02,16.0097,1622200,0.0000,1.0
2018-12-26,18.0,18.0,17.47,17.57,15.6099,1125400,0.0000,1.0
2018-12-21,17.92,18.25,17.72,18.02,16.0097,2138500,0.0000,1.0
2018-12-20,17.75,18.14,17.6,18.06,16.0452,2105300,0.0000,1.0
2018-12-19,18.29,18.29,17.52,17.52,15.5654,3630600,0.0000,1.0
2018-12-18,18.0,18.33,17.83,18.15,16.1252,4373100,0.0000,1.0
2018-12-17,18.14,18.16,17.7,17.92,15.9208,4267600,0.0000,1.0
2018-12-14,17.88,18.16,17.69,18.0,15.9919,4203100,0.0000,1.0
2018-12-13,17.65,18.08,17.59,17.9,15.903,2416900,0.0000,1.0
2018-12-12,16.84,17.85,16.84,17.66,15.6898,4049900,0.0000,1.0
2018-12-11,16.97,17.36,16.81,16.81,14.9346,3801800,0.0000,1.0
2018-12-10,16.99,17.22,16.53,16.73,14.8636,2148900,0.0000,1.0
2018-12-07,17.37,17.51,16.96,17.12,15.2101,2923300,0.0000,1.0
2018-12-06,17.2,17.37,17.02,17.3,15.37,1949600,0.0000,1.0
2018-12-05,17.1,17.42,17.05,17.26,15.3344,3529500,0.0000,1.0
2018-12-04,17.3,17.56,17.01,17.17,15.2545,2128800,0.0000,1.0
2018-12-03,17.04,17.44,16.87,17.3,15.37,3612200,0.0000,1.0
2018-11-30,16.7,17.3,16.69,16.9,15.0146,5060000,0.0000,1.0
2018-11-29,16.15,16.88,16.15,16.7,14.8369,4674700,0.0000,1.0
2018-11-28,16.06,16.17,15.88,16.15,14.3483,1937900,0.0000,1.0
2018-11-27,15.98,16.22,15.88,16.05,14.2594,1823900,0.0000,1.0
2018-11-26,16.25,16.29,15.9,15.9,14.1262,2011000,0.0000,1.0
2018-11-23,16.37,16.37,15.97,16.19,14.3838,1672600,0.0000,1.0
2018-11-22,16.36,16.37,16.06,16.35,14.526,599600,0.0000,1.0
2018-11-21,16.36,16.41,16.02,16.29,14.4727,1308100,0.0000,1.0
2018-11-19,16.3,16.66,16.21,16.41,14.5793,2419600,0.0000,1.0
2018-11-16,16.01,16.47,15.85,16.4,14.5704,3650100,0.0000,1.0
2018-11-14,15.74,16.1,15.57,15.93,14.1528,2144500,0.0000,1.0
2018-11-13,15.55,15.95,15.23,15.76,14.0018,2323400,0.0000,1.0
2018-11-12,15.65,15.89,15.31,15.59,13.8507,2461700,0.1916,1.0
2018-11-09,15.94,16.1,15.31,15.63,13.716,57055100,0.0000,1.0
2018-11-08,16.31,17.14,16.28,16.75,14.6989,13566900,0.0000,1.0
2018-11-07,16.07,16.3,15.92,16.17,14.1899,4580300,0.0000,1.0
2018-11-06,15.71,16.07,15.57,16.07,14.1022,1758500,0.0000,1.0
2018-11-05,15.67,15.9,15.5,15.89,13.9442,1710200,0.0000,1.0
2018-11-01,15.05,15.71,14.94,15.66,13.7424,2724100,0.0000,1.0
2018-10-31,14.82,15.3,14.75,15.24,13.3738,2823800,0.0000,1.0
2018-10-30,14.52,14.94,14.43,14.86,13.0403,2870100,0.0000,1.0
2018-10-29,15.0,15.04,14.38,14.45,12.6805,2310800,0.0000,1.0
2018-10-26,14.83,14.93,14.55,14.71,12.9087,1098500,0.0000,1.0
2018-10-25,14.8,15.09,14.77,14.8,12.9877,2414400,0.0000,1.0
2018-10-24,15.1,15.22,14.77,14.8,12.9877,1346300,0.0000,1.0
2018-10-23,14.85,15.72,14.82,15.04,13.1983,5785800,0.0000,1.0
2018-10-22,15.09,15.17,14.88,14.88,13.0579,3172600,0.0000,1.0
2018-10-19,14.95,15.14,14.79,14.9,13.0754,841600,0.0000,1.0
2018-10-18,14.69,14.95,14.56,14.92,13.093,1594600,0.0000,1.0
2018-10-17,14.75,14.86,14.47,14.59,12.8034,2555500,0.0000,1.0
2018-10-16,14.62,14.77,14.5,14.76,12.9526,1621500,0.0000,1.0
2018-10-15,14.77,14.78,14.33,14.5,12.7244,2448700,0.0000,1.0
2018-10-11,15.08,15.23,14.47,14.55,12.7683,3206100,0.0000,1.0
2018-10-10,15.14,15.35,14.72,14.88,13.0579,2180800,0.0000,1.0
2018-10-09,15.02,15.17,14.79,15.17,13.3124,2287600,0.0000,1.0
2018-10-08,15.5,15.67,14.97,15.09,13.2422,1948300,0.0000,1.0
2018-10-05,15.21,15.24,14.91,15.19,13.3299,722300,0.0000,1.0
2018-10-04,15.12,15.27,15.03,15.14,13.286,1391300,0.0000,1.0
2018-10-03,15.31,15.7,15.04,15.17,13.3124,1557800,0.0000,1.0
2018-10-02,14.86,15.24,14.86,15.14,13.286,1529100,0.0000,1.0
2018-10-01,14.8,15.03,14.65,14.76,12.9526,1109000,0.0000,1.0
2018-09-28,14.75,15.0,14.64,14.81,12.9964,1428800,0.0000,1.0
2018-09-27,14.65,15.01,14.55,14.83,13.014,1437600,0.0000,1.0
2018-09-26,14.67,14.71,14.42,14.55,12.7683,1624400,0.0000,1.0
2018-09-25,14.39,14.82,14.31,14.67,12.8736,1588700,0.0000,1.0
2018-09-24,14.66,14.76,14.4,14.47,12.6981,698500,0.0000,1.0
2018-09-21,14.35,14.87,14.35,14.74,12.935,2928500,0.0000,1.0
2018-09-20,14.21,14.52,14.15,14.32,12.5665,1705100,0.0000,1.0
2018-09-19,14.38,14.38,14.08,14.13,12.3997,2342800,0.0000,1.0
2018-09-18,14.33,14.52,14.24,14.35,12.5928,1309100,0.0000,1.0
2018-09-17,14.09,14.58,14.08,14.35,12.5928,2464000,0.0000,1.0
2018-09-14,14.23,14.49,14.0,14.06,12.3383,2182900,0.0000,1.0
2018-09-13,14.48,14.53,14.17,14.28,12.5313,1881000,0.0000,1.0
2018-09-12,14.34,14.55,14.07,14.35,12.5928,2668200,0.0000,1.0
2018-09-11,14.82,14.87,14.23,14.33,12.5752,3211100,0.0000,1.0
2018-09-10,14.93,15.06,14.72,14.99,13.1544,1006900,0.0000,1.0
2018-09-06,14.68,15.03,14.5,14.93,13.1018,2584100,0.0000,1.0
2018-09-05,14.33,14.68,14.28,14.54,12.7595,2978500,0.0000,1.0
2018-09-04,14.55,14.82,14.26,14.26,12.5138,1963700,0.0000,1.0
2018-09-03,14.71,14.71,14.45,14.54,12.7595,1206900,0.0000,1.0
2018-08-31,14.59,14.78,14.32,14.54,12.7595,3611000,0.0000,1.0
2018-08-30,14.83,14.99,14.4,14.47,12.6981,1545300,0.0000,1.0
2018-08-29,15.0,15.15,14.75,14.9,13.0754,1832800,0.0000,1.0
2018-08-28,14.78,15.18,14.61,15.05,13.2071,1565100,0.0000,1.0
2018-08-27,14.62,14.79,14.38,14.79,12.9789,1200600,0.0000,1.0
2018-08-24,14.4,14.52,14.15,14.5,12.7244,3049000,0.0000,1.0
2018-08-23,14.38,14.39,14.07,14.28,12.5313,2227600,0.0000,1.0
2018-08-22,14.18,14.4,14.09,14.4,12.6367,928400,0.0000,1.0
2018-08-21,14.31,14.38,14.16,14.16,12.426,1932800,0.0000,1.0
2018-08-20,14.34,14.49,14.27,14.29,12.5401,1210300,0.0000,1.0
2018-08-17,14.63,14.63,14.3,14.35,12.5928,1237300,0.0000,1.0
2018-08-16,14.5,14.63,14.36,14.63,12.8385,1304700,0.0000,1.0
2018-08-15,14.64,14.76,14.37,14.45,12.6805,1628300,0.0000,1.0
2018-08-14,14.5,14.95,14.5,14.74,12.935,1209500,0.0000,1.0
2018-08-13,14.44,14.69,14.27,14.63,12.8385,1610600,0.0000,1.0
2018-08-10,14.7,15.0,14.41,14.42,12.6542,2078300,0.0000,1.0
2018-08-09,14.97,15.04,14.63,14.72,12.9175,2225000,0.0000,1.0
2018-08-08,15.47,15.47,14.78,14.83,13.014,2049100,0.0000,1.0
2018-08-07,15.48,15.68,15.22,15.35,13.4703,1311600,0.0000,1.0
2018-08-06,15.5,15.78,15.41,15.47,13.5756,889100,0.0000,1.0
2018-08-03,15.51,15.67,15.21,15.55,13.6458,1317800,0.0000,1.0
2018-08-02,15.36,15.55,15.23,15.4,13.5142,969700,0.0000,1.0
2018-08-01,15.6,15.78,15.42,15.54,13.6371,1341400,0.0613,1.0
2018-07-31,15.2,15.69,15.06,15.64,13.671,2070300,0.0000,1.0
2018-07-30,15.51,15.56,15.15,15.2,13.2864,892100,0.0000,1.0
2018-07-27,15.64,15.88,15.23,15.45,13.5049,2917500,0.0000,1.0
2018-07-26,15.48,16.15,15.3,15.59,13.6273,5493300,0.0000,1.0
2018-07-25,15.15,15.33,15.0,15.1,13.199,2839900,0.0000,1.0
2018-07-24,15.28,15.48,14.87,15.05,13.1553,1258000,0.0000,1.0
2018-07-23,14.86,15.4,14.78,15.25,13.3301,1395400,0.0000,1.0
2018-07-20,14.99,15.1,14.88,14.94,13.0591,2051700,0.0000,1.0
2018-07-19,14.97,15.08,14.7,14.77,12.9105,1298900,0.0000,1.0
2018-07-18,14.74,14.97,14.64,14.97,13.0853,1101100,0.0000,1.0
2018-07-17,14.62,14.74,14.53,14.73,12.8756,987000,0.0000,1.0
2018-07-16,14.59,14.67,14.41,14.56,12.727,1337400,0.0000,1.0
2018-07-13,14.52,14.7,14.32,14.55,12.7182,2738700,0.0000,1.0
2018-07-12,14.69,14.98,14.4,14.47,12.6483,2601000,0.0000,1.0
2018-07-11,14.71,14.88,14.51,14.69,12.8406,1721200,0.0000,1.0
2018-07-10,14.93,15.15,14.61,14.66,12.8144,2947500,0.0000,1.0
2018-07-06,14.9,15.34,14.79,15.04,13.1465,1174500,0.0000,1.0
2018-07-05,14.93,15.02,14.79,15.02,13.129,1630700,0.0000,1.0
2018-07-04,14.7,14.97,14.6,14.81,12.9455,2419100,0.0000,1.0
2018-07-03,14.9,15.1,14.56,14.59,12.7532,3885200,0.0000,1.0
2018-07-02,15.15,15.2,14.92,14.92,13.0416,721500,0.0000,1.0
2018-06-29,14.9,15.25,14.85,15.14,13.2339,1600600,0.0000,1.0
2018-06-28,14.9,15.03,14.54,15.01,13.1203,1797300,0.0000,1.0
2018-06-27,15.06,15.14,14.7,14.95,13.0679,900600,0.0000,1.0
2018-06-26,15.0,15.2,14.95,15.05,13.1553,1280300,0.0000,1.0
2018-06-25,15.17,15.39,14.95,14.99,13.1028,1829900,0.0000,1.0
2018-06-22,15.1,15.53,14.98,15.26,13.3388,788600,0.0000,1.0
2018-06-21,15.35,15.68,15.12,15.12,13.2165,1241400,0.0000,1.0
2018-06-20,15.32,15.5,14.92,15.35,13.4175,871400,0.0000,1.0
2018-06-19,14.78,15.33,14.74,14.87,12.9979,2267600,0.0000,1.0
2018-06-18,15.44,15.44,14.82,14.87,12.9979,2095300,0.0000,1.0
2018-06-15,16.06,16.1,15.38,15.38,13.4437,3069300,0.0000,1.0
2018-06-14,16.02,16.38,15.85,16.09,14.0643,2749700,0.0000,1.0
2018-06-13,15.59,16.43,15.31,15.99,13.9769,4617500,0.0000,1.0
2018-06-12,15.48,15.75,15.18,15.6,13.636,3250500,0.0000,1.0
2018-06-11,15.33,15.49,14.69,15.4,13.4612,2616500,0.0000,1.0
2018-06-08,15.66,15.79,15.05,15.37,13.435,3299200,0.0000,1.0
2018-06-07,15.64,16.07,15.01,15.8,13.8108,4381300,0.0000,1.0
2018-06-06,16.06,16.08,15.2,15.49,13.5399,1251100,0.0000,1.0
2018-06-05,16.28,16.45,15.84,16.08,14.0556,746300,0.0000,1.0
2018-06-04,15.99,16.4,15.75,16.35,14.2916,1774300,0.0000,1.0
2018-06-01,15.94,16.2,15.32,16.02,14.0032,2104100,0.0000,1.0
2018-05-30,15.32,16.17,15.17,15.95,13.942,4088500,0.0000,1.0
2018-05-29,15.1,15.76,15.01,15.32,13.3913,1640300,0.0000,1.0
2018-05-28,15.38,15.38,14.7,14.95,13.0679,800000,0.0000,1.0
2018-05-25,15.46,15.89,15.09,15.44,13.4962,2740400,0.0000,1.0
2018-05-24,15.01,15.83,14.9,15.43,13.4874,2356900,0.0000,1.0
2018-05-23,15.29,15.49,15.03,15.18,13.2689,1341800,0.0000,1.0
2018-05-22,15.05,15.6,15.0,15.31,13.3825,618300,0.0000,1.0
2018-05-21,15.28,15.37,14.99,15.15,13.2427,893900,0.0000,1.0
2018-05-18,15.6,15.6,15.08,15.17,13.2602,2235600,0.0000,1.0
2018-05-17,15.94,16.25,15.58,15.63,13.6622,2152600,0.0000,1.0
2018-05-16,15.39,16.15,15.29,16.1,14.0731,1277800,0.0000,1.0
2018-05-15,16.0,16.39,15.43,15.55,13.5923,2845500,0.0000,1.0
2018-05-14,15.93,16.29,15.91,16.25,14.2042,2047100,0.0000,1.0
2018-05-11,16.03,16.15,15.95,16.1,14.0731,1451500,0.0000,1.0
2018-05-10,15.66,16.14,15.45,16.14,14.108,3244100,0.0000,1.0
2018-05-09,14.94,15.75,14.75,15.75,13.7671,4587800,0.0000,1.0
2018-05-08,14.73,14.99,14.62,14.88,13.0067,1040000,0.0000,1.0
2018-05-07,14.65,15.17,14.63,14.63,12.7881,1009600,0.0000,1.0
2018-05-04,14.63,14.84,14.5,14.56,12.727,1019900,0.0000,1.0
2018-05-03,14.81,14.85,14.63,14.7,12.8493,752300,0.0986,1.0
2018-05-02,15.17,15.19,14.76,14.8,12.8505,930500,0.0000,1.0
2018-04-30,15.14,15.23,14.98,15.1,13.111,656900,0.0000,1.0
2018-04-27,14.96,15.35,14.84,15.0,13.0242,3135200,0.0000,1.0
2018-04-26,15.25,15.45,14.93,14.95,12.9808,5640900,0.0000,1.0
2018-04-25,15.05,15.32,15.01,15.25,13.2413,6784900,0.0000,1.0
2018-04-24,14.59,15.27,14.58,15.15,13.1544,6976700,0.0000,1.0
2018-04-23,14.34,14.87,14.34,14.7,12.7637,1393200,0.0000,1.0
2018-04-20,14.3,14.58,14.21,14.48,12.5727,2567100,0.0000,1.0
2018-04-19,14.2,14.4,14.07,14.39,12.4946,2864500,0.0000,1.0
2018-04-18,14.23,14.34,14.06,14.15,12.2862,2806100,0.0000,1.0
2018-04-17,14.13,14.25,14.04,14.12,12.2601,1866500,0.0000,1.0
2018-04-16,14.42,14.5,14.02,14.11,12.2514,1284900,0.0000,1.0
2018-04-13,14.07,14.4,14.02,14.35,12.4598,1904800,0.0000,1.0
2018-04-12,14.31,14.42,14.04,14.07,12.2167,2746400,0.0000,1.0
2018-04-11,14.57,14.65,14.16,14.23,12.3556,3290400,0.0000,1.0
2018-04-10,14.35,14.53,14.32,14.4,12.5032,1393800,0.0000,1.0
2018-04-09,14.61,14.61,14.3,14.34,12.4511,1256700,0.0000,1.0
2018-04-06,14.54,14.62,14.3,14.45,12.5466,1477200,0.0000,1.0
2018-04-05,14.81,14.9,14.5,14.55,12.6335,4355000,0.0000,1.0
2018-04-04,14.59,14.78,14.55,14.69,12.755,654700,0.0000,1.0
2018-04-03,14.79,14.92,14.46,14.77,12.8245,4315400,0.0000,1.0
2018-04-02,14.72,14.72,14.72,14.72,12.7811,3195100,0.0000,1.0
2018-03-29,14.9,15.1,14.77,15.0,13.0242,916100,0.0000,1.0
2018-03-28,14.75,14.91,14.53,14.77,12.8245,1030000,0.0000,1.0
2018-03-27,15.2,15.3,14.69,14.69,12.755,2011500,0.0000,1.0
2018-03-26,15.05,15.23,14.91,15.17,13.1718,1597900,0.0000,1.0
2018-03-23,14.9,15.04,14.9,15.04,13.0589,1647800,0.0000,1.0
2018-03-22,14.71,15.02,14.71,14.93,12.9634,947000,0.0000,1.0
2018-03-21,14.92,14.98,14.71,14.71,12.7724,1364300,0.0000,1.0
2018-03-20,15.11,15.11,14.83,14.92,12.9547,810100,0.0000,1.0
2018-03-19,14.94,15.17,14.86,15.15,13.1544,1263100,0.0000,1.0
2018-03-16,14.94,15.2,14.78,15.04,13.0589,2340100,0.0000,1.0
2018-03-15,14.9,15.17,14.83,14.94,12.9721,1589700,0.0000,1.0
2018-03-14,14.95,14.96,14.45,14.82,12.8679,1344000,0.0000,1.0
2018-03-13,15.45,15.45,14.9,14.9,12.9374,1195300,0.0000,1.0
2018-03-12,15.27,15.56,15.12,15.37,13.3455,1519800,0.0000,1.0
2018-03-09,15.0,15.3,14.9,15.11,13.1197,2472300,0.0000,1.0
2018-03-08,15.16,15.27,14.84,14.93,12.9634,2999100,0.0000,1.0
2018-03-07,15.34,15.5,15.01,15.22,13.2152,2963300,0.0000,1.0
2018-03-06,15.45,15.54,15.06,15.35,13.3281,2003000,0.0000,1.0
2018-03-05,15.0,15.48,14.93,15.39,13.3628,4565000,0.0000,1.0
2018-03-02,14.86,15.2,14.55,14.99,13.0155,2008800,0.0000,1.0
2018-03-01,14.87,14.98,14.55,14.9,12.9374,2797300,0.0000,1.0
2018-02-28,14.95,15.16,14.51,14.85,12.894,8616600,0.0000,1.0
2018-02-27,14.54,14.67,14.26,14.51,12.5987,2573900,0.0000,1.0
2018-02-26,14.86,14.86,14.35,14.53,12.6161,2348000,0.0000,1.0
2018-02-23,14.37,14.8,14.33,14.8,12.8505,1562500,0.0000,1.0
2018-02-22,14.34,14.49,14.2,14.3,12.4164,3721900,0.0000,1.0
2018-02-21,14.5,14.66,14.3,14.34,12.4511,4117300,0.0000,1.0
2018-02-20,14.89,14.89,14.43,14.46,12.5553,5627800,0.0000,1.0
2018-02-19,15.0,15.05,14.76,14.9,12.9374,662800,0.0000,1.0
2018-02-16,14.94,14.96,14.67,14.96,12.9895,1682000,0.0000,1.0
2018-02-15,14.95,15.1,14.67,14.82,12.8679,4035000,0.0000,1.0
2018-02-14,14.59,14.93,14.5,14.82,12.8679,2458600,0.0000,1.0
2018-02-09,14.92,14.92,14.35,14.59,12.6682,1376600,0.0000,1.0
2018-02-08,15.29,15.35,14.7,14.86,12.9026,2393300,0.0000,1.0
2018-02-07,15.4,15.8,15.2,15.29,13.276,4682000,0.0000,1.0
2018-02-06,15.29,15.65,14.85,15.46,13.4236,2211000,0.0000,1.0
2018-02-05,15.66,15.9,15.4,15.43,13.3976,3192400,0.0000,1.0
2018-02-02,16.34,16.34,15.63,15.72,13.6494,3341700,0.0000,1.0
2018-02-01,16.01,16.5,16.01,16.41,14.2485,2674800,0.0000,1.0
2018-01-31,15.91,16.19,15.91,16.1,13.9793,4941100,0.0000,1.0
2018-01-30,16.0,16.04,15.7,15.86,13.7709,2335100,0.0000,1.0
2018-01-29,16.0,16.2,15.73,16.02,13.9098,11192600,0.0000,1.0
2018-01-26,15.5,16.32,15.24,16.09,13.9706,7069000,0.0000,1.0
2018-01-24,15.22,15.52,15.02,15.52,13.4757,8662200,0.0000,1.0
2018-01-23,15.39,15.5,15.02,15.15,13.1544,9706700,0.0000,1.0
2018-01-22,14.77,15.14,14.73,15.13,13.1371,4015500,0.0000,1.0
2018-01-19,14.84,14.84,14.6,14.84,12.8853,7802400,0.0000,1.0
2018-01-18,14.96,15.0,14.71,14.71,12.7724,2090400,0.0000,1.0
2018-01-17,14.58,14.95,14.53,14.95,12.9808,4525700,0.0000,1.0
2018-01-16,14.6,14.64,14.43,14.51,12.5987,1309400,0.0000,1.0
2018-01-15,14.63,14.67,14.51,14.53,12.6161,1965900,0.0000,1.0
2018-01-12,14.32,14.71,14.12,14.63,12.7029,2438800,0.0000,1.0
2018-01-11,14.27,14.49,13.9,14.32,12.4338,4976800,0.0000,1.0
2018-01-10,14.58,14.66,14.02,14.2,12.3296,5695600,0.0000,1.0
2018-01-09,14.68,14.82,14.47,14.47,12.564,5387300,0.0000,1.0
2018-01-08,15.04,15.1,14.61,14.61,12.6856,1959400,0.0000,1.0
2018-01-05,15.12,15.14,14.9,15.0,13.0242,1747000,0.0000,1.0
2018-01-04,15.41,15.5,15.11,15.11,13.1197,1223700,0.0000,1.0
2018-01-03,15.49,15.6,15.27,15.39,13.3628,1422800,0.0000,1.0
2018-01-02,15.2,15.57,15.13,15.49,13.4497,1956400,0.0000,1.0
2017-12-28,15.0,15.25,14.99,15.25,13.2413,2043700,0.0000,1.0
2017-12-27,14.82,15.11,14.82,15.05,13.0676,1560800,0.0000,1.0
2017-12-26,14.68,15.0,14.68,14.8,12.8505,618300,0.0000,1.0
2017-12-22,14.65,14.78,14.51,14.74,12.7985,1235900,0.0000,1.0
2017-12-21,14.75,14.79,14.48,14.6,12.6769,3102300,0.0000,1.0
2017-12-20,14.85,14.9,14.56,14.7,12.7637,2061300,0.0000,1.0
2017-12-19,15.22,15.35,14.68,14.7,12.7637,2494700,0.0000,1.0
2017-12-18,15.4,15.59,15.11,15.17,13.1718,2091700,0.0000,1.0
2017-12-15,15.08,15.44,15.08,15.35,13.3281,2349000,0.0000,1.0
2017-12-14,15.27,15.49,15.05,15.16,13.1631,2662000,0.0000,1.0
2017-12-13,15.66,15.86,15.3,15.3,13.2847,2024200,0.0000,1.0
2017-12-12,15.59,15.89,15.44,15.66,13.5973,476000,0.0000,1.0
2017-12-11,15.67,16.06,15.33,15.79,13.7101,1253200,0.0000,1.0
2017-12-08,15.81,15.87,15.46,15.51,13.467,1308900,0.0000,1.0
2017-12-07,15.56,15.8,15.22,15.7,13.632,1862800,0.0000,1.0
2017-12-06,15.3,15.66,15.27,15.66,13.5973,4598900,0.0000,1.0
2017-12-05,15.36,15.71,15.15,15.45,13.4149,1440700,0.0000,1.0
2017-12-04,15.14,15.55,15.06,15.47,13.4323,2523900,0.0000,1.0
2017-12-01,15.19,15.57,14.8,15.07,13.085,3144400,0.0000,1.0
2017-11-30,15.78,15.89,15.02,15.19,13.1892,47248700,0.0000,1.0
2017-11-29,16.19,16.37,15.61,15.7,13.632,11693900,0.0000,1.0
2017-11-28,15.71,16.37,15.71,16.22,14.0835,11424100,0.0000,1.0
2017-11-27,15.16,15.8,14.91,15.8,13.7188,8006400,0.0000,1.0
2017-11-24,15.12,15.37,14.72,15.11,13.1197,1921600,0.0000,1.0
2017-11-23,15.02,15.29,14.82,15.12,13.1284,4950300,0.0000,1.0
2017-11-22,14.9,15.0,14.75,14.95,12.9808,5913900,0.0000,1.0
2017-11-21,14.76,14.95,14.6,14.82,12.8679,7986900,0.0000,1.0
2017-11-17,14.82,14.95,14.62,14.7,12.7637,4863100,0.0000,1.0
2017-11-16,14.6,14.86,14.52,14.75,12.8071,5124400,0.0000,1.0
2017-11-14,14.77,14.88,14.45,14.5,12.5901,10410200,0.0000,1.0
2017-11-13,14.86,14.96,14.31,14.5,12.5901,8689400,0.0000,1.0
2017-11-10,15.26,15.45,14.76,14.8,12.8505,2507400,0.0000,1.0
2017-11-09,16.0,16.0,15.12,15.25,13.2413,4478800,0.0000,1.0
2017-11-08,15.87,16.13,15.75,16.02,13.9098,1189100,0.0000,1.0
2017-11-07,16.07,16.26,15.77,15.8,13.7188,3695400,0.0000,1.0
2017-11-06,16.25,16.4,16.11,16.11,13.988,1725800,0.0000,1.0
2017-11-03,16.05,16.75,16.05,16.34,14.1877,2754800,0.0000,1.0
2017-11-01,16.09,16.28,15.95,16.14,14.014,1532500,0.0000,1.0
2017-10-31,15.98,16.47,15.75,16.08,13.9619,1855100,0.0000,1.0
2017-10-30,16.21,16.21,15.83,15.88,13.7883,1697500,0.0000,1.0
2017-10-27,16.05,16.4,15.82,16.21,14.0748,1335700,0.0000,1.0
2017-10-26,16.34,16.4,16.02,16.03,13.9185,1085500,0.0000,1.0
2017-10-25,16.14,16.45,16.02,16.23,14.0922,1122400,0.0000,1.0
2017-10-24,16.16,16.32,15.98,16.14,14.014,886900,0.0000,1.0
2017-10-23,16.36,16.5,15.92,16.16,14.0314,2520800,0.0000,1.0
2017-10-20,16.24,16.6,16.2,16.36,14.2051,1421500,0.0000,1.0
2017-10-19,16.24,16.4,15.87,16.24,14.1009,2790700,0.0000,1.0
2017-10-18,15.73,16.4,15.6,16.3,14.153,5377700,0.0000,1.0
2017-10-16,16.19,16.37,15.72,15.78,13.7015,1823800,0.0000,1.0
2017-10-13,16.09,16.43,16.01,16.11,13.988,3129000,0.0000,1.0
2017-10-11,16.17,16.29,15.9,16.0,13.8925,877900,0.0000,1.0
2017-10-10,16.05,16.28,16.01,16.18,14.0488,3667200,0.0000,1.0
2017-10-09,15.99,16.12,15.9,16.05,13.9359,4946400,0.0000,1.0
2017-10-06,16.02,16.16,15.86,16.1,13.9793,3011400,0.0000,1.0
2017-10-05,15.76,16.3,15.76,16.02,13.9098,2847300,0.0000,1.0
2017-10-04,15.45,15.74,15.38,15.7,13.632,1588500,0.0000,1.0
2017-10-03,15.22,15.48,15.05,15.37,13.3455,3692200,0.0000,1.0
2017-10-02,15.51,15.51,15.2,15.2,13.1979,2059400,0.0000,1.0
2017-09-29,15.75,15.9,15.37,15.51,13.467,1929100,0.0000,1.0
2017-09-28,15.91,16.0,15.36,15.75,13.6754,2144400,0.0000,1.0
2017-09-27,16.3,16.3,15.8,15.9,13.8057,753800,0.0000,1.0
2017-09-26,16.06,16.33,15.9,16.1,13.9793,5143100,0.0000,1.0
2017-09-25,16.57,16.57,15.7,16.04,13.9272,2944300,0.0000,1.0
2017-09-22,16.93,16.97,16.21,16.39,14.2311,8837200,0.0000,1.0
2017-09-21,16.97,16.97,16.97,16.97,14.7347,1408100,0.0000,1.0
2017-09-20,16.94,17.04,16.63,16.95,14.7173,2388300,0.0000,1.0
2017-09-19,16.85,17.08,16.41,16.92,14.6913,4705900,0.0000,1.0
2017-09-18,16.69,16.8,16.26,16.8,14.5871,3483400,0.0000,1.0
2017-09-15,16.4,16.65,16.3,16.65,14.4569,3090200,0.0000,1.0
2017-09-14,16.48,16.64,16.23,16.45,14.2832,804500,0.0000,1.0
2017-09-13,16.61,16.69,16.42,16.48,14.3093,1180400,0.0000,1.0
2017-09-12,16.52,16.83,16.4,16.6,14.4135,1326900,0.0000,1.0
2017-09-11,16.34,16.87,16.24,16.7,14.5003,5689800,0.0000,1.0
2017-09-08,16.05,16.34,15.96,16.23,14.0922,2589800,0.0000,1.0
2017-09-06,16.27,16.27,15.8,16.15,14.0227,1988900,0.0000,1.0
2017-09-05,16.22,16.34,15.97,16.08,13.9619,3744800,0.0000,1.0
2017-09-04,15.87,16.29,15.87,16.1,13.9793,1843600,0.0000,1.0
2017-09-01,15.95,16.19,15.8,15.83,13.7449,3249200,0.0000,1.0
2017-08-31,15.6,15.85,15.36,15.8,13.7188,9121700,0.0000,1.0
2017-08-30,16.5,16.75,16.0,16.0,13.8925,5597400,0.0000,1.0
2017-08-29,16.08,16.73,16.0,16.43,14.2658,6850600,0.0000,1.0
2017-08-28,15.87,16.34,15.8,16.08,13.9619,8039100,0.0000,1.0
2017-08-25,15.35,15.47,15.1,15.42,13.3889,1834100,0.0000,1.0
2017-08-24,14.9,15.39,14.9,15.39,13.3628,2184200,0.0000,1.0
2017-08-23,14.57,14.95,14.44,14.9,12.9374,1056400,0.0000,1.0
2017-08-22,14.65,14.81,14.45,14.45,12.5466,2691500,0.0000,1.0
2017-08-21,14.8,14.84,14.32,14.55,12.6335,1474400,0.0000,1.0
2017-08-18,14.98,15.0,14.73,14.8,12.8505,1360800,0.0000,1.0
2017-08-17,15.08,15.08,14.85,14.89,12.9287,5984100,0.0000,1.0
2017-08-16,15.16,15.17,14.91,15.08,13.0937,1747400,0.0000,1.0
2017-08-15,15.08,15.18,14.93,15.16,13.1631,1441600,0.0000,1.0
2017-08-14,15.24,15.24,15.04,15.1,13.111,2167500,0.0000,1.0
2017-08-11,14.63,15.23,14.63,15.19,13.1892,6112400,0.0000,1.0
2017-08-10,14.45,14.52,14.1,14.49,12.5814,3139900,0.0000,1.0
2017-08-09,14.65,14.66,14.26,14.44,12.538,3586900,0.0000,1.0
2017-08-08,14.7,14.79,14.5,14.62,12.6943,2644800,0.0000,1.0
2017-08-07,14.9,14.93,14.43,14.7,12.7637,3439400,0.0000,1.0
2017-08-04,14.74,14.74,14.74,14.74,12.7985,7918900,0.0000,1.0
2017-08-03,15.23,15.32,15.1,15.25,13.2413,2652900,0.0000,1.0
2017-08-02,15.25,15.33,15.15,15.26,13.25,1489400,0.0000,1.0
2017-08-01,15.21,15.39,15.11,15.25,13.2413,2329900,0.0000,1.0
2017-07-31,15.0,15.29,14.94,15.14,13.1458,5118800,0.0000,1.0
2017-07-28,15.14,15.18,14.95,15.0,13.0242,2768600,0.0000,1.0
2017-07-27,15.18,15.24,15.05,15.14,13.1458,2439800,0.0000,1.0
2017-07-26,15.45,15.46,15.1,15.1,13.111,9220500,0.0000,1.0
2017-07-25,15.11,15.4,15.01,15.4,13.3715,5926300,0.0000,1.0
2017-07-24,15.05,15.2,15.0,15.15,13.1544,4833300,0.0000,1.0
2017-07-21,15.05,15.08,14.87,15.0,13.0242,4515000,0.0000,1.0
2017-07-20,14.95,15.04,14.36,14.9,12.9374,34318500,0.0000,1.0
